,id,tweets,date_created
0,1159810138318036996,"RT @dogsreaction: Estas enfermo?
-Do https://t.co/cJa5fx5NSK",2019-08-09 12:54:19
1,1155826649214136320,"@Accel_San Los rojos, los segundos üòä",2019-07-29 13:05:22
2,1155821844169199616,"Happiness üíñ
#DragonQuestBuilders2 https://t.co/lwigQt5RRU",2019-07-29 12:46:16
3,1154416646590803969,@Hans3n_4 Jajajaja üíñ,2019-07-25 15:42:31
4,1154345638299152385,"@palzaga No me quejo, ha sido una experiencia incre√≠ble. Y ya veo que por aqu√≠ todo igual... ¬°¬°mucho √°nimo!!",2019-07-25 11:00:21
5,1154333708289290241,Acabo de llegar de Jap√≥n y me encuentro con esto ¬øQu√© le ha pasado a #twitter? https://t.co/bEA5XD1TDH,2019-07-25 10:12:57
6,1136300225834967040,RT @AnaitGames: ¬øQu√© es la cinetosis y c√≥mo afecta a la manera en que jugamos (y analizamos) juegos? Un refrescante art√≠culo de @MartaTrivi‚Ä¶,2019-06-05 15:54:19
7,1136298445189320705,"¬øEst√°s TERRIBLEMENTE desesperated por saber de qu√© va #DeathStranding?
Pues yo tambi√©n, y eso que vi el nuevo tr√°il‚Ä¶ https://t.co/JWmnJAPIkf",2019-06-05 15:47:15
8,1136036541413900296,¬°Hola! Te invito a ver mi REACCI√ìN al TR√ÅILER de #DeathStranding !! üëáüèªhttps://t.co/s6AMAkH0CT https://t.co/kSa0cfE8uX,2019-06-04 22:26:32
9,1134089242722951168,"RT @HIDEO_KOJIMA_EN: Dear Mads fans: there are many scenes in DS which I think you‚Äôll love. In this trailer there‚Äôs Mads covered in blood,‚Ä¶",2019-05-30 13:28:40
10,1133761329880285185,Necesitamos la perspectiva de an√°lisis sociol√≥gico que aporta la ciencia y la filosof√≠a a nuestra vida. Este v√≠deo‚Ä¶ https://t.co/pSeom6Jax7,2019-05-29 15:45:39
11,1133721521145487360,"@VandalOnline Final Fantasy IX, en bucle.",2019-05-29 13:07:28
12,1121737078151233536,"Los comentarios en la entrevista a Abascal de @esRadio son una tremenda manifestaci√≥n de intenci√≥n de voto a Vox y,‚Ä¶ https://t.co/eqYM12aOxA",2019-04-26 11:25:34
13,1120662399885959169,"RT @ArteEnRuinas: #BuenosDias desde la #Ermita de la Magdalena o El #Templaero en #PuebladeAlcocer. Su estado, aunque conserva los muros y‚Ä¶",2019-04-23 12:15:11
14,1119930896117846017,"Precioso el claustro de la #catedral de #Plasencia ‚ù§Ô∏è, en Extremadura.
#Patrimonio #cultura https://t.co/HJMCBJtUVt",2019-04-21 11:48:27
15,1118929002830413826,"En Robledillo de gata, una joya en la sierra de #Extremadura que tiene algunos de sus principales monumentos en muy‚Ä¶ https://t.co/x4LfGA3g0T",2019-04-18 17:27:17
16,1117840110140231680,"RT @elconfidencial: ""Que nos quiten de la lista de los pueblos m√°s bonitos o aqu√≠ van a morir turistas"". Los vecinos de Pe√±alba de Santiago‚Ä¶",2019-04-15 17:20:25
17,1116399463076114434,@MiguelWrites Hola! Hace poco que abr√≠ un blog de historia y viajes. !!acabo de empezar! https://t.co/yFash6tZ5Y. A‚Ä¶ https://t.co/UnIkHvGZSg,2019-04-11 17:55:48
18,1116391156609425408,¬°Hola! Hace tiempo visit√© la localidad de #Pedraza (Segovia) y no quer√≠a perder oportunidad de contarte c√≥mo son su‚Ä¶ https://t.co/Twh4S4iMna,2019-04-11 17:22:47
19,1115223696229249025,@frantejera @mwediciones Voy corriendo a por el üéä,2019-04-08 12:03:43
20,1115223625982992385,RT @GinaTost: Este anuncio de fideos instant√°neos japoneses os desea los buenos d√≠as. Nada de caf√© por hoy. https://t.co/ddHpszmWg4,2019-04-08 12:03:26
21,1114869003154067456,Recomiendo leer este art√≠culo sobre el d√≠a a d√≠a de los #funcionarios de #prisiones en nuestro pa√≠s. Otro sector qu‚Ä¶ https://t.co/bH3gjfoPY4,2019-04-07 12:34:18
22,1113845523193135106,Cuando ves #callejeros despu√©s de tanto tiempo y te das cuenta de que en todos los cap√≠tulos realizados por hombres‚Ä¶ https://t.co/jDL6IR17uj,2019-04-04 16:47:21
23,1112986882068111360,RT @davidferriz: Poco se habla de que ya hace 1 a√±o desde que se anunciaron las #ayudasVideojuegos de @redpuntoes. Unas ayudas que deb√≠an r‚Ä¶,2019-04-02 07:55:25
24,1112464977808502784,RT @ArteEnRuinas: #GoodMorning from the #Chapel of Santa Isabel in Villanueva de la Serena. It was built in 1893 on the initiative of an in‚Ä¶,2019-03-31 21:21:33
25,1110949983279304704,"RT @desmusea: ehHh!! en #GEMELOMUSEAL‚ú® montamos [1] peque√±o experimento con el museo de @LosSimsES reflexionando sobre: obrasü¶µ, espacios‚òùÔ∏è,‚Ä¶",2019-03-27 17:01:31
26,1110882894921326594,"RT @ArteEnRuinas: #BuenosDias desde el #Castillo de #BurguillosdelCerro. Una #Torre conocida como Torre Parda, con un tama√±o inferior a la‚Ä¶",2019-03-27 12:34:56
27,1110616704902746112,RT @ArteEnRuinas: Cuando la gente lucha por su patrimonio suceden cosas tan maravillosas como esta... üòäüòä https://t.co/95RkXjyGYE,2019-03-26 18:57:11
28,1110553614735630336,"Recorrido por #J√°novas, Lacort y La Velilla, pueblos afectados por el fallido proyecto hidroel√©ctrico impulsado en‚Ä¶ https://t.co/OZeRqdrdni",2019-03-26 14:46:29
29,1106554353974956033,RT @AdrianaRecio_: Nueva entrada sobre mi viaje a J√°novas y pueblos afectados por el fallido proyecto hidroel√©ctrico impulsado en los 60 en‚Ä¶,2019-03-15 13:54:51
30,1106524938498912257,RT @JorgeMoruno: Hoy la juventud sale a la calle para defender su futuro. El ecologismo deja de ser una idea que afecta √∫nicamente a la gen‚Ä¶,2019-03-15 11:57:58
31,1106162086772654081,@Mr_Jorge83 Jajaja üòù,2019-03-14 11:56:07
32,1106162043558809606,"RT @Mr_Jorge83: ¬øQuieres saber por qu√© borrar√≠a #ApexLegends ? Puedes saberlo en el siguiente v√≠deo: https://t.co/kTlMkPNpkt
#Apex #PS4 htt‚Ä¶",2019-03-14 11:55:57
33,1105467477230870529,RT @LucifersAngelxo: Watching anyone play @BeatSaber on Expert + https://t.co/Ph6D8npwvZ,2019-03-12 13:55:59
34,1105121896960589829,"RT @MiguelWrites: ¬øSoy el √∫nico que se siente absolutamente aterrorizado por Karma, la mascota del transporte p√∫blico barcelon√©s? üò® https:/‚Ä¶",2019-03-11 15:02:47
35,1104108549750304768,"@teatrolara Qu√© pena, tengo familiares que hab√≠an ido a Madrid expresamente a ver all√≠ una obra y se han encontrado‚Ä¶ https://t.co/gM8tj270dY",2019-03-08 19:56:06
36,1104104820565262336,"@teatrolara Hab√©is avisado por correo? Hay gente que hoy ha ido all√≠ y se ha encontrado con el cartel directamente,‚Ä¶ https://t.co/TOkbLqOJbK",2019-03-08 19:41:17
37,1103633646798409728,"RT @ArteEnRuinas: #BuenosD√≠as desde el Castillo de Mour√£o (#Portugal). Hoy os invitamos a conocer la magn√≠fica fortaleza de #Mour√£o, las #R‚Ä¶",2019-03-07 12:29:00
38,1103072872468307974,"RT @MarioManzanares: #PortfolioDay It's-a-me, Mario! I'm a Spain-based Concept Artist &amp; Illustrator who recently worked for:
‚ú®@dreamdaddyga‚Ä¶",2019-03-05 23:20:41
39,1103070485389168646,RT @manutv: Hace un par de semanas conoc√≠ a una artista japonesa que llevaba bastante tiempo siguiendo. Su √∫ltimo disco es un alegato femin‚Ä¶,2019-03-05 23:11:12
40,1103061921962606594,@jorgprok @MiguelWrites Es incre√≠ble visitarlos en la actualidad: se siente una especie de nostalgia en el ambiente‚Ä¶ https://t.co/GDbNazD5Jx,2019-03-05 22:37:10
41,1103010265107451904,@virtuamon @MiguelWrites üòäüòäüòäüòä,2019-03-05 19:11:54
42,1102946778557677568,Nueva entrada sobre mi viaje a J√°novas y pueblos afectados por el fallido proyecto hidroel√©ctrico impulsado en los‚Ä¶ https://t.co/2jpOsECJP7,2019-03-05 14:59:38
43,1102944068366155776,RT @Pepatorrespere1: Las monjas feministas exisitimos y hacemos huelga el 8 M https://t.co/RjqVpeuKxD,2019-03-05 14:48:52
44,1102666770387738625,@ArteEnRuinas @HispaniaNostra @heraldoes @canalpatrimonio @aragonturismo @ordesa_com Gracias por compartir !!! üòä,2019-03-04 20:26:59
45,1102612878748729344,"Silencioso y relajado viaje por las ruinas de #J√°novas, en la comarca del Sobrarbe (Huesca, Arag√≥n). El pueblo, aba‚Ä¶ https://t.co/ZbHlBHzHPc",2019-03-04 16:52:50
46,1102517863900958720,RT @VandalOnline: EL ENEMIGO QUE M√ÅS MIEDO DA de toda LA SAGA RESIDENT EVIL https://t.co/keib2HXVXn,2019-03-04 10:35:17
47,1101471863216181249,RT @Z4karias: vengo del B dice la profe que si nos dej√°is una silla https://t.co/YOA9WlCW7G,2019-03-01 13:18:51
48,1098561918573383680,"""Alita es un personaje muy en la l√≠nea de los personajes femeninos que nos han ido presentando en los √∫ltimos a√±os‚Ä¶ https://t.co/cyvwk5a5UR",2019-02-21 12:35:46
49,1098532107964608514,"RT @_Kbits_: Decidme que esto es una broma, POR FAVOR https://t.co/3VKxQH56Jb",2019-02-21 10:37:18
50,1098345440943194113,@Garrax_ @feriademadrid ‚ò†Ô∏è,2019-02-20 22:15:34
51,1098344738380566534,¬°Muy guay la #japanweekend de Madrid 2019! Aunque espero que para la pr√≥xima se hayan quemado ya las luces naranjas‚Ä¶ https://t.co/AgidzOEcq6,2019-02-20 22:12:46
52,1098342222771175428,@SantiBedate @ismaelmgr https://t.co/TXGbsy7qyb,2019-02-20 22:02:46
53,1098298358882541571,"@_irumass Bueno, en el prado igual hay escenas expl√≠citas sexuales. El jard√≠n de las delicias de ‚ÄúEl Bosco‚Äù contien‚Ä¶ https://t.co/FwMXUpeiuu",2019-02-20 19:08:28
54,1098204295961477121,"@JW_Arte Sentimientos encontrados. Siento que los desnudos, las ilustraciones que incluyan representaciones de pene‚Ä¶ https://t.co/Y2cAN9u024",2019-02-20 12:54:42
55,1098203108214231041,@DaTenshiLuluCos @JW_Arte POR FAVOR.,2019-02-20 12:49:59
56,1098202355437326336,"James Cameron, director de 'Avatar', adquiri√≥ los hace casi dos d√©cadas los derechos del #manga GUNNM. Fan de la ob‚Ä¶ https://t.co/OhoQJsxb20",2019-02-20 12:46:59
57,1098190143683481600,RT @SwiftestNinja: This is the best Naruto mirror run üî•üî• https://t.co/iOcIs0h7B3,2019-02-20 11:58:28
58,1097806190388670464,RT @u3u_oO: @jih0296naverco1 https://t.co/jrMtOnN2Mk,2019-02-19 10:32:46
59,1097806108511621120,RT @Sexual_Desire_R: ÌéòÎØ∏Í∞Ä ÏàòÎ©¥ÏúÑÏóê Ïò¨ÎùºÏò§Í≥† ÎÇú Îí§ ÌïúÍµ≠ ÎÇ®ÏûêÎì§Ïùò ÌñâÎèô https://t.co/O13RsQtcmY,2019-02-19 10:32:27
60,1097804654572945408,RT @GaymerEs: Final Fantasy XIV formar√° parte del Carnaval Gay y L√©sbico de S√≠dney gracias a la colaboraci√≥n con¬†SydneyGamers https://t.co/‚Ä¶,2019-02-19 10:26:40
61,1097502113545023488,"RT @kidcoltrane: Descansa en paz, compa√±ero.  https://t.co/GbcSYRbw39",2019-02-18 14:24:29
62,1097494145902567424,@MiguelWrites @XTrujas @MeriStation A mi me gusta de Titanic cuando chocan contra Koholint y se hunde el barco ‚ù§Ô∏è,2019-02-18 13:52:49
63,1097479767408951296,"@XTrujas @MeriStation @MiguelWrites Totalmente, siempre.
.
.
.
.
.
.
.
.
.
.
.
.
.
Me refer√≠a claramente a la tabla XD",2019-02-18 12:55:41
64,1097474754100019200,RT @HellyonWhite: I was commissioned to draw on a security helmet at @Japan_Weekend!! It was so fun! üíï https://t.co/af7BpH27L6,2019-02-18 12:35:46
65,1097474555520663552,@MeriStation @MiguelWrites El tr√°gico gui√±o a 'Titanic' üò•,2019-02-18 12:34:58
66,1097474263769075714,@naoko_ace Tambi√©n es una forma de hacer p√∫blicas las barbaridades que esta gente dice para que luego no puedan dec‚Ä¶ https://t.co/bfRAVrE5qf,2019-02-18 12:33:49
67,1097471458866024448,"Ayer vi la pel√≠cula üìΩÔ∏è 'Alita: √Ångel de combate' y esta es mi opini√≥n sobre ella üëâüèª https://t.co/WrVfMC4FBM
Me he e‚Ä¶ https://t.co/80YgXDPRnH",2019-02-18 12:22:40
68,1096338130356051968,"RT @antonlosada: Esta gente que me amenaza con el triunfo de la derecha, pero de qu√© co√±o vais? D√≥nde cre√©is que viv√≠s? A qui√©n pretendeis‚Ä¶",2019-02-15 09:19:13
69,1096337785986969601,@Cristina_H_ Margaret Atwood no habr√≠a planteado mejor esta dist√≥pica situaci√≥n.,2019-02-15 09:17:51
70,1094897777119805445,"RT @GaymerEs: ¬´Help me, faggot!¬ª. Un corto an√°lisis sobre el insulto ‚Äúmarica‚Äù y sus diferentes usos, con League of Legends como ejemplo de‚Ä¶",2019-02-11 09:55:46
71,1093445749487083520,RT @ArteEnRuinas: #BuenosD√≠as. Os invitamos a conocer el trabajo de @ArcheoAndrea. Aqu√≠ os dejamos la #Entrevista que le hicimos en nuestra‚Ä¶,2019-02-07 09:45:56
72,1093445469089472513,Nunca le√≠ el √∫ltimo libro de Harry Potter porque era asumir que la saga terminaba. Ahora estoy re-descubriendo la f‚Ä¶ https://t.co/MQlTg1RWe7,2019-02-07 09:44:49
73,1092763104600043527,"RT @mercedes_dibuja: ¬°¬°Hola!!  Tengo estupendas noticias y es que el 11 de Febrero se inaugura la exposici√≥n ""Inventando Mujeres"" en la Bib‚Ä¶",2019-02-05 12:33:21
74,1092763009653583872,"RT @hm_zubieta: Queridos personajes del Kingdom Hearts 3, ten√©is as√≠ como UN MONT√ìN de plot lines por resolver, m√°s os vale daros prisa que‚Ä¶",2019-02-05 12:32:58
75,1092754024938569730,"RT @cronoCiFi: ‚ú®Convocatoria de manuscritos‚ú®

En el siguiente hilo vamos a explicar c√≥mo ser√° nuestra primera convocatoria oficial de manus‚Ä¶",2019-02-05 11:57:16
76,1089918554949013505,@Elektra_Comic @mwediciones S√ç.,2019-01-28 16:10:07
77,1088028097105010693,"RT @PlayGroundDO: ""Sin consentimiento, no hay cuento de hadas""

Necesaria campa√±a de @amnistiaespana @amnesty https://t.co/npZysNgpaD",2019-01-23 10:58:07
78,1088026943646253056,"Estoy releyendo #LosJuegosdelHambre y tengo cosas que decir sobre Katniss Everdeen:
- Temer perder a alguien a quie‚Ä¶ https://t.co/BJY3cAeOoz",2019-01-23 10:53:32
79,1085499593612242944,"(1) Varios vecinos de pueblos de la ribera del Ara, en el Sobrarbe aragon√©s, fueron forzados a abandonar sus casas‚Ä¶ https://t.co/mnnaxNptOM",2019-01-16 11:30:45
80,1085473483738492929,"En mi recorrido por la ribera del r√≠o Ara (Huesca, Arag√≥n) me tope con J√°novas y su historia. Un #patrimonio que su‚Ä¶ https://t.co/H3NJhAgo3E",2019-01-16 09:47:00
81,1083705086944129025,ü¶ã¬†YAS ü¶ã https://t.co/nDo1v7xa5f,2019-01-11 12:40:01
82,1083704949308080130,"RT @GaymerEs: Yuna, Riku y Paine en Final Fantasy X-2 meti√©ndole la paliza de su vida al ‚ÄúTidus falso‚Äù.|üîóhttps://t.co/9hgp8IPeZt https://t.‚Ä¶",2019-01-11 12:39:28
83,1075036203261530114,"RT @HispaniaNostra: #ULTIMAHORA üèÜ¬°CONVOCADOS LOS PREMIOS HISPANIA NOSTRA 2019!üèÜ
Hispania Nostra y @FBancoSantander convocan los Premios His‚Ä¶",2018-12-18 14:32:58
84,1075035858015846400,La inconsistencia argumental del Shadow of the #TombRaider me est√° matando. Acabo de entrar en una ruina oculta dur‚Ä¶ https://t.co/GAvTOURMfK,2018-12-18 14:31:36
85,1074973378795192321,RT @Noelia_Carrion9: Hola @elespanolcom El 16 de diciembre publicasteis esta noticia sobre la desaparici√≥n de #LauraLuelmo Me gustar√≠a sabe‚Ä¶,2018-12-18 10:23:20
86,1073556782193221632,"Adi√≥s a Nintendo Acci√≥n, otro de los tesoros de coloridas p√°ginas que coleccionaba compulsivamente durante la infan‚Ä¶ https://t.co/rqnTp25nWL",2018-12-14 12:34:17
87,1072777724807315457,"RT @desmusea: üî•¬°EEEH!üî•
estamos as√≠ üåàde felices por anunciaros que #DESMUSEAD√çSIMA ha sido seleccionada para formar parte del Centro de Resi‚Ä¶",2018-12-12 08:58:35
88,1070255524120326145,@BandaiNamcoES !!Noooo!! que ha pasado con mi pocahontas &lt;/3,2018-12-05 09:56:15
89,1070255049480245248,"@mugiwarasens En realidad es una mujer borracha o puesta, no s√© donde est√° el tema (a parte de lo despreciable que‚Ä¶ https://t.co/QpSYJeG6iD",2018-12-05 09:54:22
90,1069180093573066753,"RT @mujeresenjuegos: ¬°No os olvid√©is de que hoy comienza el eventazo que ha preparado @talentnetworkes! 
Tendr√©is hoy y ma√±ana much√≠simos t‚Ä¶",2018-12-02 10:42:53
91,1068068013931409408,"RT @Roman_tecado: @Ursulayka @evacolladoduran - Yo ven√≠a por lo del trabajo.
Lo de ganar 400‚Ç¨ por media jornada ( 12h ) me viene reguleras‚Ä¶",2018-11-29 09:03:52
92,1068066393806069760,@mwediciones Ahora mismo voy por √©l üíñ,2018-11-29 08:57:26
93,1068066324268630016,"RT @mwediciones: Llega el esperado tercer tomo de Atelier of Witch Hat. De verdad, estamos profundamente agradecidos por el cari√±o tan gran‚Ä¶",2018-11-29 08:57:10
94,1068066291641196544,"RT @blissy: Por si alguien se lo perdi√≥ ayer, aqu√≠ ten√©is el √≠ndice, y por tanto un resumen sobre los contenidos, del libro ü§ó https://t.co/‚Ä¶",2018-11-29 08:57:02
95,1067455335571570688,"Este noviembre viaj√© por Arag√≥n, y en mi recorrido por la ribera del r√≠o Ara me tope con #J√°novas y su historia. Su‚Ä¶ https://t.co/RK3uxhVtSE",2018-11-27 16:29:19
96,1065887984501837825,"@UmiAmaiOfficial ‚ÄúQuieres ser mi canario‚Äù, Kuja, Blank (üòì)...no digo m√°s. The best, en todos los senses. Ojal√° ser miembro de Tantalus üíÄ.",2018-11-23 08:41:13
97,1065886306687963136,"@UmiAmaiOfficial JODER, es que es EL JUEG. Tambi√©n es mi favorito &lt;3 https://t.co/1zVXz6hwsR",2018-11-23 08:34:33
98,1065885717207887872,@TodasGamers Entonces no soy la √∫nica que a veces le da rabia haber dado su usuario porque quiere jugar SOLA sin qu‚Ä¶ https://t.co/m5qt7lvFcb,2018-11-23 08:32:12
99,1065192712616448001,RT @VandalOnline: Kingdom Hearts III est√° oficialmente terminado https://t.co/6elVQ5Gjn0,2018-11-21 10:38:27
100,1064899203137179648,@slifante Por la visibilidad que tienen es extremadamente importante que los juegos populares cuenten con amplia re‚Ä¶ https://t.co/B7SpegsxPT,2018-11-20 15:12:09
101,1064887056776744961,"RT @ANYTEMAA: [Recordatorio] Ya ha comenzado ‚ÄúPlay don‚Äôt tell‚Äù üïπÔ∏è. 19, 21 y 23 NOV en la facultad de geograf√≠a e historia @unicomplutense.‚Ä¶",2018-11-20 14:23:53
102,1064887043661201409,RT @GaymerEs: Taliyah de #LeagueofLegends se confirma como chica trans despu√©s de una interacci√≥n con Neeko.|üîó https://t.co/xLdd9AG1h2 http‚Ä¶,2018-11-20 14:23:50
103,1064863918974267392,@GaymerEs @Naycrow_ üíï,2018-11-20 12:51:57
104,1064861811302952960,@Naycrow_ @GaymerEs Really? Quiero leerlo puedes pasarme donde lo has visto plis üç™ https://t.co/7zxZxrVWD4,2018-11-20 12:43:34
105,1064861437854662656,üíï me encanta todo üíï https://t.co/Wrwd2Swiay,2018-11-20 12:42:05
106,1064861277338644488,RT @dianespotting: Este viernes en @SangreFucsia voy a hablar de una pintora digna de un hilo de @firecrackerx porque era se√±ora que se emp‚Ä¶,2018-11-20 12:41:27
107,1063367635482697728,"RT @NCINoticias: En el #D√≠aDeLasLibrer√≠as üìö queremos recordar a la 'Librer√≠a Mujeres' (@Lib_Mujeres), que este 2018 cumple 40 a√±os de histo‚Ä¶",2018-11-16 09:46:15
108,1063342606334287872,RT @OldMith: Ayer me entrevistaron y me puse a diferenciar claramente entre periodismo de videojuegos y cr√≠tica cultural de videojuegos. Y‚Ä¶,2018-11-16 08:06:47
109,1063072930819645440,RT @NCINoticias: ¬´para estos hombres las mujeres son m√°quinas expendedoras de dinero. Valen menos que la coca-cola que venden en sus locale‚Ä¶,2018-11-15 14:15:12
110,1063072502707077122,Ya hay FECHA DE LANZAMIENTO ORIENTATIVA para el tercer tomo del  #manga ATELIER OF WITCH HAT! üíñ üíñ https://t.co/YtzbUMNo1w,2018-11-15 14:13:30
111,1063037075665104896,"RT @ANYTEMAA: Puede que los libros de Historia digan que Hewish fue el descubridor de los p√∫lsares, pero la realidad es que la astrof√≠sica‚Ä¶",2018-11-15 11:52:43
112,1063026675708055552,"@RpgSpain Yo! ü§öüèª, pero me decepcion√≥ bastante T-T. Me lo regalaron porque estaba OBSESIONADA con el Legend of Legaia.",2018-11-15 11:11:24
113,1063026031077089286,RT @Hugo_saez: Este anuncio de la cadena de supermercados brit√°nica Iceland en contra del uso del aceite de palma y la deforestaci√≥n ha sid‚Ä¶,2018-11-15 11:08:50
114,1061752220742549505,RT @GaymerEs: ¬øEstais jugando a alg√∫n MMO? ¬øBuscais gente para explorar mundos virtuales? En nuestro servidor de Discord tenemos varios can‚Ä¶,2018-11-11 22:47:10
115,1060183612228820992,"RT @ANYTEMAA: De #videojuegos, feminismos y hero√≠nas. 'Play, don't tell' propone una experiencia de juego abierta, reflexiva y colaborativa‚Ä¶",2018-11-07 14:54:05
116,1060126896250372098,RT @ANYTEMAA: Cuando un #videojuego es en s√≠ mismo una forma de arte. Espectacular el apartado art√≠stico que @nomadastudiobcn y @conradrose‚Ä¶,2018-11-07 11:08:42
117,1059576815210192897,RT @Cambios_: Aqu√≠ en el concierto de las Supremas de M√≥stoles. https://t.co/EFAgjPpPRp,2018-11-05 22:42:53
118,1059423063052374017,"Tener m√°s hype por #SpyroReignitedTrilogy que por Red Dead Redemption 2 ¬Ø\_(„ÉÑ)_/¬Ø 
Fans de Rockstar en 3, 2, 1... https://t.co/EQTuyjaRop",2018-11-05 12:31:56
119,1059197473078566912,@Accel_San @mwediciones La subir√© pronto a @ANYTEMAA üíñMe est√° encantando!!,2018-11-04 21:35:31
120,1059102206522281984,"Hoy he comenzado por fin a leer ‚ÄòAtelier Witch Hat‚Äô (@mwediciones). 
Es precioso en todos los sentidos üíñ https://t.co/f6ocPiHmqb",2018-11-04 15:16:57
121,1057581067492909056,"@orgullogamer Un cl√°sico en los 90. Yo ya no dejo juegos, N U N C A. Seguro que est√° en Wallapop üòÇ",2018-10-31 10:32:30
122,1057576241576972288,RT @ANYTEMAA: Mirad que SUPER ququi este sorteo piruletesco que han hecho @Eleavania y @l_moraniglesias. ‚è≥Ten√©is hasta el 7 de noviembre a‚Ä¶,2018-10-31 10:13:19
123,1057576029617823744,@orgullogamer Recuerdo mi trauma infantil: ¬øQu√© demonios era esto? (FOTO). Durante a√±os me persigui√≥ la I N C E R T‚Ä¶ https://t.co/6zwsbR0jSW,2018-10-31 10:12:28
124,1057306566318284800,"RT @akapoulainne: ‚Äúa m√≠ solo se me conquista con humor inteligente‚Äù 

yo: pues te puedes creer que ped√≠ hace una semana las lentillas y a√∫n‚Ä¶",2018-10-30 16:21:43
125,1057287765203804161,@Olelolai Nadie lo sabe :(,2018-10-30 15:07:01
126,1056885925303803904,"¬øAlguien puede explicarme por qu√© Internet se ha llenado a estas alturas de memes del anime #Umineko? 
GRACIAS https://t.co/k59naVaO0R",2018-10-29 12:30:15
127,1056879978938281984,ACTUAL MOOD. https://t.co/XBH3ttT47L,2018-10-29 12:06:37
128,1056877921900654593,"RT @ANYTEMAA: 'Play, don't tell', taller de #videojuegos que propone una experiencia de juego abierta, colectiva y colaborativa de tres d√≠a‚Ä¶",2018-10-29 11:58:27
129,1056860102295216128,"RT @FranShepard: 2 minutos que sirven para conocer a Jair Bolsonaro, nuevo presidente de Brasil. La cara de Ellen Page lo dice todo. 
#Pray‚Ä¶",2018-10-29 10:47:38
130,1056859695569387520,RT @GaymerEs: ¬øPersonajes de sexualidad dudosa? ¬øQueerbait? @Sr_Samus_ nos da ejemplos concretos sobre esta pr√°ctica y por qu√© parece que h‚Ä¶,2018-10-29 10:46:01
131,1056287133718196224,@desmusea jajajajaja üíñ,2018-10-27 20:50:52
132,1055760083584458752,RT @ANYTEMAA: ¬°No os lo perd√°is! Es un documental maravilloso y muy √≠ntimo en el que se retrata la trayectoria personal y profesional de Ur‚Ä¶,2018-10-26 09:56:33
133,1055422973291757568,"RT @desmusea: ‚≠ïATENTAS QUE SE VIENE UNO DE NUESTROS PROYECTOS M√ÅS MOLONEEEEES. 
‚≠ïNECESITAREMOS VUESTRA PARTICIPACI√ìN AS√ç QUE OJO A NUESTRAS‚Ä¶",2018-10-25 11:37:00
134,1054775858118963204,RT @QueerDevs: ¬°Buenos d√≠as! Esperamos que os sea leve el lunes y si ten√©is en marcha alg√∫n desarrollo relacionado con la tem√°tica o el col‚Ä¶,2018-10-23 16:45:36
135,1054775426944565248,"Jajaja üòÇ, tendremos que terminar por fundar algo as√≠ como la ‚ÄúUni√≥n de alumnos de Gryffindor afectados por la estel‚Ä¶ https://t.co/vgHkzu3Myl",2018-10-23 16:43:53
136,1054774782376460288,Mirad que proyecto m√°s guay de @GamesTribune üíñ ¬°Promete! https://t.co/hs6NQgFgVG,2018-10-23 16:41:19
137,1054292661413335041,@aboutnurselife @_minutiae_ El mundo se va a la mierda https://t.co/uLxv7qoiG9,2018-10-22 08:45:32
138,1052856784447254528,RT @MeriStation: Contin√∫a la pol√©mica antes del lanzamiento de #RedDeadRedemption2. Ojo a las declaraciones de este ex de Rockstar https://‚Ä¶,2018-10-18 09:39:53
139,1052828899825074176,RT @MeriStation: AN√ÅLISIS del regreso de uno de los grandes del g√©nero de la lucha üëåüèº#SoulCaliburVI Comprobamos si est√° a la altura de los‚Ä¶,2018-10-18 07:49:04
140,1052679766191611905,@clara_cloro Ojal√° siempre,2018-10-17 21:56:28
141,1052550734317842432,RT @QueerDevs: Hoy nacemos como colectivo de desarrollo de videojuegos LGTBIQA+ con el objetivo de fomentar la diversidad y constituirnos c‚Ä¶,2018-10-17 13:23:45
142,1052550612972437504,"RT @ANYTEMAA: Preparad vuestras plumas, l√°pices y teclados: ¬°Ya est√° al caer #NaNoWriMo! 
Un proyecto de escritura creativa que se desarrol‚Ä¶",2018-10-17 13:23:16
143,1052150526425661441,"RT @ANYTEMAA: Sapkowski, padre de Geralt de Rivia, asistir√° como invitado al pr√≥ximo @festivalcelsius. ¬°Incre√≠ble lo que est√°n logrando des‚Ä¶",2018-10-16 10:53:28
144,1051849104077271040,"Un d√∫o en busca de la piedra filosofal (y no, no son Voldemort y Potter) 
En el #DiadelasEscritoras os comparto mi‚Ä¶ https://t.co/RILvL19n1O",2018-10-15 14:55:43
145,1051842015833587712,BOWSETTE DOMINAR√Å EL MUNDO https://t.co/VxmbBUTib1,2018-10-15 14:27:33
146,1051841799394869248,@desmusea https://t.co/EH1yMebP1Y,2018-10-15 14:26:41
147,1051820545082310656,"RT @ANYTEMAA: Ya est√° publicada nuestra mini - cr√≥nica del #AnsibleBilbo18. Por un despegue üöÄ que promete muchas m√°s ediciones.

https://t.‚Ä¶",2018-10-15 13:02:14
148,1051819943963095040,"Yo cuando conozco a alguien otaku y encima me cae muy bien.
(~Ôø£‚ñΩÔø£)~ https://t.co/iFsbe2HOwG",2018-10-15 12:59:51
149,1051798804746444800,RT @Japan_Weekend: Cuando te pasas todo el puente jugando al Age of Empires. https://t.co/Q3dGfUJjvn,2018-10-15 11:35:51
150,1051764431846301696,"RT @ANYTEMAA: Un d√∫o en b√∫squeda de la piedra filosofal (y no son Voldemort y Harry Potter).
Con motivo del #D√≠aDeLasEscritoras compartimos‚Ä¶",2018-10-15 09:19:16
151,1051519871090118658,@Accel_San S√∫per. Me acabo de terminar de leer el manga hoy! Que coincidencia XD,2018-10-14 17:07:28
152,1051519709500399622,"RT @Accel_San: Casi 1K de visitas en el video del cap√≠tulo 1 de Goblin Slayer üòçüòçüòçüòçüòç Soy feliz, gracias a tod@s! 
https://t.co/oOke2gr8ax

M‚Ä¶",2018-10-14 17:06:49
153,1051519647105859584,"RT @GaymerEs: ‚ÄòRainbow Arcade‚Äô es la primera exhibici√≥n en la historia de los videojuegos queer, y todo lo que sea historia tiene a @spagam‚Ä¶",2018-10-14 17:06:34
154,1050791718730309633,RT @liaalpzz: Gracias https://t.co/0XtxXBNqHz,2018-10-12 16:54:03
155,1050790498510794752,"RT @TGamerInsideES: Mesa redonda: El sector del Videojuego en Espa√±a: futuro. #DIGAMEX2018
https://t.co/No3okjxKqo
@samsem93 (periodista es‚Ä¶",2018-10-12 16:49:12
156,1050781837688270848,RT @JaviArtiach: Poster oficial de Sitges y esta noche presentaci√≥n europea de la pelu en el Festival!!! A por kleenex!!! https://t.co/XYuk‚Ä¶,2018-10-12 16:14:47
157,1050740189168062465,@SantiBedate Total jajajaj https://t.co/kCSicR8Zuh,2018-10-12 13:29:17
158,1050427552467054592,"Hace tiempo que le√≠ el manga de #FullmetalAlchemist, pero he decidido hacer una rese√±a con motivo del‚Ä¶ https://t.co/Ft3NT6VTd3",2018-10-11 16:46:59
159,1050398085946503169,@Accel_San @TodasGamers @Jimereno @CrispyXtreme @FemDevs @mujeresenjuegos @GinaTost @GaymerEs @emimonserrate @desmusea (Ôæâ‚óï„ÉÆ‚óï)Ôæâ*:ÔΩ•Ôæü‚úß,2018-10-11 14:49:53
160,1050388002701230082,"Atentos, hoy @Accel_San sube rese√±a del manga #AtelierOfWitchHat, publicado por @mwediciones. https://t.co/ebe8nzsZF2",2018-10-11 14:09:49
161,1050381368218275840,@GaymerEs ¬°Vuelta a empezar!,2018-10-11 13:43:27
162,1050381320478707718,"RT @GaymerEs: ¬øOs habeis entereado de la que se ha vuelto a liar con Birdo? Esta vez en Super Mario Party y s√≠, se vuelve a abrir el debate‚Ä¶",2018-10-11 13:43:16
163,1050380274348040193,"BASTA, ME MUERO (Â±Æ‚óâ‚óûÁõä‚óü‚óâ)Â±Æ https://t.co/6a6idvYY5P",2018-10-11 13:39:07
164,1050351945314181120,@earcos @GinaTost S√≠...,2018-10-11 11:46:33
165,1050055837908160519,"RT @ANYTEMAA: Vigilados por un gran ojo, en un mundo apocal√≠ptico plagado de monstruos üëπ donde est√° prohibido mirar al cielo. Rese√±a del ma‚Ä¶",2018-10-10 16:09:55
166,1050049478814777344,@Accel_San @mwediciones YA.,2018-10-10 15:44:39
167,1050010497758752773,@hm_zubieta NOOOOOO https://t.co/QqR9AjhUGR,2018-10-10 13:09:45
168,1050003712771612672,"@HammondGeorge80 @MeriStation Si, lo malo es que eso har√° que cueste m√°s üòÖ",2018-10-10 12:42:47
169,1049967474052083712,"@MeriStation No estoy preparada, todav√≠a tengo muchos juegos de PS4 pendientes :( Me quedo atenta a lo de port√°til‚Ä¶ https://t.co/nCaruXlYtv",2018-10-10 10:18:47
170,1049707347629797376,"RT @ANYTEMAA: En el d√≠a 8 de #LeoAutorasOct recomendamos el manga #FullmetalAlchemist, escrito e ilustrado por la mangaka Hiromu Arakawa. h‚Ä¶",2018-10-09 17:05:08
171,1049689488492875776,"@Hans3n_4 Reeeeeeeeee 
(?) https://t.co/1BdIVD1Nsy",2018-10-09 15:54:11
172,1049687815678816259,"Este gif es una hermosa y sencilla met√°fora de #lavida 0_____0.
H E L P https://t.co/sc8IdBK5hN",2018-10-09 15:47:32
173,1049686531663962112,@Accel_San @mwediciones La tengo fichada pero no sab√≠a si merec√≠a la pena. Ahora ya creo que me he convencido üò∏,2018-10-09 15:42:26
174,1049670325326221312,(‚îÄ‚Äø‚Äø‚îÄ) „Äúüñ§ https://t.co/4DLDUedvNK,2018-10-09 14:38:02
175,1049669376306290690,@Junior778PS3 @elcorteingles JAJAJA ü§¶üèª‚Äç‚ôÄÔ∏è,2018-10-09 14:34:15
176,1049662750300012545,"RT @EUWW0LL3N: üïπÔ∏èEspacio para la Creaci√≥n de Videojuegos üëæ

-Si sois Desarrolladores, Creadores de Videojuegos, Estudiantes, Artistas de Pi‚Ä¶",2018-10-09 14:07:56
177,1049361340089946112,"Llego tarde, s√© que el manga 'Q [„ÇØ„Éº]'  (@mwediciones) es de 2015... pero es que me ha gustado tanto que he querido‚Ä¶ https://t.co/gQmZHwhGea",2018-10-08 18:10:14
178,1049264991608745985,"RT @Naruedyoh: Gamers: Las mujeres espartanas no son realistas

Tambi√©n gamers: https://t.co/XXCMFM3Zxl",2018-10-08 11:47:23
179,1048618808628457479,@ANYTEMAA üñ§üñ§,2018-10-06 16:59:41
180,1048618781357105152,RT @ANYTEMAA: Estamos en #HUL2018 . Libros y combates de #espada. Se puede pedir m√°s?? https://t.co/qn0LrB0RB0,2018-10-06 16:59:34
181,1048244771830083586,"@aboutnurselife Se ha enfadado, pero es que ha soltado una burrada... :(",2018-10-05 16:13:23
182,1048153379099357186,ME MATO. https://t.co/8wLBC7ZIwC,2018-10-05 10:10:13
183,1047950693619970048,"RT @TodasGamers: D√≠a 4 de nuestro #Se√±orastober, esta vez aprovechamos el inicio de la historia de Umineko y dedicamos el d√≠a a Beatrice, u‚Ä¶",2018-10-04 20:44:49
184,1047874607271829504,"@mujeresenjuegos ""por error"" dicen. 
COFF, COFF... https://t.co/0QDn7fiSd2",2018-10-04 15:42:29
185,1047874009889734658,"Este a√±o ha sido muy guay, hac√≠a tiempo que no recordaba una edici√≥n tan animada, con tantas actividades, tantos ar‚Ä¶ https://t.co/7IXq443Sjq",2018-10-04 15:40:07
186,1047873498646007808,RT @mujeresenjuegos: Fortnite a√±ade f√≠sicas a los pechos de los personajes femeninos ‚Äúpor error‚Äù para despu√©s retirarlas https://t.co/W294Q‚Ä¶,2018-10-04 15:38:05
187,1047549036436312066,RT @ANYTEMAA: D√≠a 3 de #leoautorasoct : Relatos de Patricia Highsmith. Volumen que re√∫ne los primeros cinco libros de #cuentos de la #autor‚Ä¶,2018-10-03 18:08:47
188,1047483904255569920,¬øPor qu√© leer literatura #cifi o de #fantas√≠a har√° que seas mejor pareja sentimental? üëáüèºüëáüèºhttps://t.co/HFp8tGOebK,2018-10-03 13:49:58
189,1046791767637598208,Recomendaci√≥n de hoy en @ANYTEMAA para el #LeoAutorasOct üìö https://t.co/nrcyrkpXij,2018-10-01 15:59:40
190,1046791310768852997,RT @AntonioMaestre: Para la ni√±a gitana que sac√≥ de un autob√∫s en medio de una excursi√≥n para deportarla de Francia no hab√≠a tanta Europa.‚Ä¶,2018-10-01 15:57:51
191,1046785272669773825,RT @Afrofeminas: Mucha gente todav√≠a no cree que la vida de una persona negra en este pa√≠s sea muy diferente a la suya. La mayor√≠a quiere p‚Ä¶,2018-10-01 15:33:51
192,1046785211994902528,"RT @ineslpz94: Hoy os cuento c√≥mo ha sido la @Japan_Weekend que se ha celebrado este fin de semana en la @feriademadrid. Mucho #manga, much‚Ä¶",2018-10-01 15:33:37
193,1046770853348864003,Este enlace os iluminar√° el camino cu√°l luz de E√§rendil para descubrir a algunos los artistas que estuvieron este f‚Ä¶ https://t.co/MMPV6GDHTn,2018-10-01 14:36:34
194,1046534735265189888,@pyupianista MIL GRASIAS üíñ,2018-09-30 22:58:19
195,1046520539865640960,¬øEn alg√∫n sitio se puede ver una recopilaci√≥n de los artistas que han ido a la #JapanWeekend este fin de semana? Gr‚Ä¶ https://t.co/ynd3hkWHF1,2018-09-30 22:01:54
196,1046518392184659968,"RT @ANYTEMAA: Hoy hemos estado en la  #JapanWeekendMadrid
descubriendo los incre√≠bles murales de la artista @ibukichi4shin üëáüèªüëåüèª https://t.c‚Ä¶",2018-09-30 21:53:22
197,1046517330405150720,"RT @festivalcelsius: Bueno, gentes, ya es oficial: nos hemos metido en Patreon, as√≠ que si quer√©is echar una mano al festi aqu√≠ ten√©is c√≥mo‚Ä¶",2018-09-30 21:49:09
198,1046514661393227776,RT @Japan_Weekend: Los murales de @ibukichi4shin son una pasada üò≥ https://t.co/5vfia2KZEX,2018-09-30 21:38:33
199,1045651948563832832,"Aqu√≠ est√°, un resumen de nuestro por el #AnsibleFest2018, esperamos que lo disfrut√©is:
https://t.co/hNhfrnaIob",2018-09-28 12:30:26
200,1045222354077528064,RT @Facking_Ancho: La pe√±a haciendo cola para subir al avi√≥n porque todos sabemos que el que antes llega antes se sienta al lado del piloto‚Ä¶,2018-09-27 08:03:23
201,1044896023024414720,"RT @feminicidio: Tras el doble #Feminicidio infantil registrado ayer en #Castell√≥n, hemos hecho un an√°lisis de las ni√±as y ni√±os asesinados‚Ä¶",2018-09-26 10:26:39
202,1044880931847319553,@GinaTost https://t.co/AFRS6H1Meu,2018-09-26 09:26:41
203,1044853322509881344,"RT @ANYTEMAA: ¬øSab√≠as que en 1826 se public√≥ una primera edici√≥n de la novela ‚ÄúEl √∫ltimo hombre‚Äù, escrita por Mary Shelley?Considerada la p‚Ä¶",2018-09-26 07:36:59
204,1044656175118258177,@TodasGamers Jajajaja üíÄ,2018-09-25 18:33:35
205,1044656096835719168,"RT @TodasGamers: Pues nada, sin querer acab√© con toda la humanidad, ¬øc√≥mo llev√°is el d√≠a?... ¬øHola? ¬øQueda alguien? #TerraGenesis https://t‚Ä¶",2018-09-25 18:33:16
206,1044539374501859328,"RT @ANYTEMAA: Un hilo m√°s que recomendado este sobre el tratamiento en los #mediosdecomunicaci√≥n de la muerte de Francisco Javier, #laEli.‚Ä¶",2018-09-25 10:49:28
207,1044331450282192896,üôà https://t.co/UxMNKF48VV,2018-09-24 21:03:15
208,1044331162582339584,Duda: ¬øla saga Final Fantasy se considera ciencia ficci√≥n o fantas√≠a? üßê,2018-09-24 21:02:06
209,1043821970650001408,@palzaga @ladyquercus @MaielisGonzalez Estoy de acuerdo. En este caso se hablaba de casos que no impliquen mercanti‚Ä¶ https://t.co/BSQnwkEHNO,2018-09-23 11:18:45
210,1043810967979790336,"RT @LuciaLestat: @policia Pues si hay que pensar en el jefe, profe, etc. por lo que subimos a NUESTRA red PERSONAL, mal vamos. Mi vida pers‚Ä¶",2018-09-23 10:35:02
211,1043630750342545409,üñ§ encant√≥ https://t.co/7WLYxdvvWz,2018-09-22 22:38:55
212,1043625178197057536,@ladyquercus @palzaga @MaielisGonzalez Entre nosotros se coment√≥ en la mesa sobre casos de mujeres que no pueden ge‚Ä¶ https://t.co/5RIq1ug3Fd,2018-09-22 22:16:46
213,1043506527020179456,RT @gaelx: Fabricando humanxs: reproducci√≥n y #cifi en #AnsibleBilbo18. @ladyquercus propone reflexionar sobre la gestaci√≥n subrogada como‚Ä¶,2018-09-22 14:25:18
214,1043503944503361536,#AnsibleBilbo18 Escuchando a @LazcanoLaura hablar sobre cuerpos e identidades femeninas en el cine de ciencia ficci‚Ä¶ https://t.co/eXTKAOx1vK,2018-09-22 14:15:02
215,1043440199856996353,@palzaga @ladyquercus @MaielisGonzalez Est√°n hablando sobre situaciones en las que una mujer que no pueda tener hij‚Ä¶ https://t.co/5fhhJqB16W,2018-09-22 10:01:44
216,1043438589583994881,"@palzaga @ladyquercus @MaielisGonzalez Estamos debatiendo sobre ese concepto precisamente, y est√°n saliendo cosas muy interesantes.",2018-09-22 09:55:20
217,1043437287672086528,"Escuchando el interesante debate sobre gestaci√≥n subrogada en el marco de #AnsibleBilbo18. Con @ladyquercus,‚Ä¶ https://t.co/wOPhNFYkHK",2018-09-22 09:50:10
218,1043433085973479424,"RT @ANYTEMAA: #AnsibleBilbo18 Emilia Pardo Baz√°n es conocida por su literatura fant√°stica, pero, ¬øSab√≠as que fue precursora espa√±ola de la‚Ä¶",2018-09-22 09:33:28
219,1043433057901047809,"RT @ANYTEMAA: #AnsibleBilbo18 Debate en el marco de la mesa ‚Äúhumanxs: reproducci√≥n #CIFI y feminista‚Äù, con @ladyquercus, @MaielisGonzalez y‚Ä¶",2018-09-22 09:33:21
220,1043179510278045696,RT @ANYTEMAA: Lola Robles y Laura Huelin nos hablan de la capacidad transformadora que las feministas sufragistas vieron en la #literatura‚Ä¶,2018-09-21 16:45:51
221,1042364558269132801,"#Videojuegos en cifras: En Espa√±a hay m√°s de 15,8 millones de videojugadorxs üéÆ, (56% hombres / 44% mujeres).
M√°s en‚Ä¶ https://t.co/1ADJgblOsS",2018-09-19 10:47:31
222,1042073469574410241,"Y bien, ¬øQu√© opin√°is? ‚öîÔ∏è https://t.co/LFpnfw1pLG",2018-09-18 15:30:50
223,1041747155772428289,¬øPor qu√© el √∫nico elemento inmutable de la fantas√≠a √©pica es el contexto patriarcal? @japi_medina nos habla de una‚Ä¶ https://t.co/7NE3DTSC5D,2018-09-17 17:54:11
224,1041619414356058112,Entrevista a @paulaboneti sobre #Roedores en @elconfidencial: ¬´el hecho de que t√∫ no sepas c√≥mo preguntar y yo no s‚Ä¶ https://t.co/dsjqPpUJux,2018-09-17 09:26:35
225,1037655470738157568,"RT @desmusea: q plan para el #finde?? üë¨‚ú® te apuntar√≠as a una jornada de
üî•üî•üî•„ÄêÔΩÑÔΩÖÔΩìÔΩîÔΩíÔΩïÔΩâÔΩí„ÄÄÔΩîÔΩï„ÄÄÔΩçÔΩïÔΩìÔΩÖÔΩè„Äëüî•üî•üî•???
https://t.co/eZOp7EE0Ko #stopobrascana‚Ä¶",2018-09-06 10:55:17
226,1037655390006272000,"RT @apimIlustracion: Empieza septiembre y volvemos a la carga. Vuelven las barricadas, las charlas y el activismo. Os recordamos que seguim‚Ä¶",2018-09-06 10:54:58
227,1036545996774432768,"RT @ANYTEMAA: ¬°Confirmado! Si no hay roturas de extremidades ni hechizos desbocados que nos alcancen, los pr√≥ximos 21 y 22 septiembre el Sr‚Ä¶",2018-09-03 09:26:38
228,1035461461592682497,"RT @ANYTEMAA: Esta semana @japi_medina revisa la saga de #fantas√≠a √©pica '#Malaz: El Libro de los Ca√≠dos', escrita por Steven Erikson y Ian‚Ä¶",2018-08-31 09:37:05
229,1034717318079762432,"@Junior778PS3 @TodasGamers MARDISI√ìN, a mi me gust√≥ mucho ü•∞. El sistema de trabajo lo dejamos al margen... https://t.co/suvJuMQiIt",2018-08-29 08:20:07
230,1034349544337809409,"Llega septiembre, la vuelta a Hogwarts, y con ello tres nuevos libros de Harry Potter en octubre. A pesar de que es‚Ä¶ https://t.co/cuMcyknVGH",2018-08-28 07:58:43
231,1034347650299187200,"@TodasGamers Es una de mis entregas favos, el remake me hizo llorar ü§£ https://t.co/sK6y9mmfOL",2018-08-28 07:51:11
232,1033985889603657728,"RT @ANYTEMAA: En la #fantas√≠a √©pica aceptamos la magia y al drag√≥n como animal de compa√±√≠a, pero si tocas el #patriarcado te tachan de poco‚Ä¶",2018-08-27 07:53:41
233,1033785117020434432,RT @mujeresenjuegos: Video Games Need to Stop Hypersexualizing Female Characters https://t.co/6rkyomPqdj,2018-08-26 18:35:53
234,1032938109535744000,"RT @ANYTEMAA: Woman in #videogames üîóhttps://t.co/rHEBEEaX7T  
üëæThe woman of 35 years, the main consumer of video games.
üëæWomen represent 22‚Ä¶",2018-08-24 10:30:11
235,1031824569441640448,La Universidad M√©dica de Tokio bajaba las notas a las #mujeres que se presentaban a los ex√°menes de acceso para lim‚Ä¶ https://t.co/8fwPZjy5I4,2018-08-21 08:45:22
236,1031279469762424832,RT @mujeresenjuegos: 8 video games with female protagonists that deserve their own TV series @JennaBusch https://t.co/RMZz7mH15i,2018-08-19 20:39:20
237,1030415216021065728,"¬´En los 2000 no se hablar√° de etiquetas sexuales, sino de expresi√≥n sexual. No importar√° si te acuestas con hombres‚Ä¶ https://t.co/qUxqWfI5VI",2018-08-17 11:25:06
238,1030358300745973760,RT @ElSaltoDiario: Hay una nueva esperanza para el periodismo hecho en el tiempo de las redes sociales. No Piques se propone ayudar a hacer‚Ä¶,2018-08-17 07:38:56
239,1030356814536302592,RT @ibonpereztv: Que ocurran cosas as√≠ en este pa√≠s es para echarse a llorar... https://t.co/Xaq69rY9yM,2018-08-17 07:33:02
240,1030356303074471936,"RT @TodasGamers: Steiner, Beatrix y la lealtad al deber
üîóhttps://t.co/Se2oTM3En0 https://t.co/lYqMiDzPpw",2018-08-17 07:31:00
241,1030053560988434433,@ANYTEMAA @mujeresenjuegos @mujeresenvg @FemDevs @elpugcast @TodasGamers @GaymerEs @Dangelisa @GinaTost‚Ä¶ https://t.co/lSgc6Oigyh,2018-08-16 11:28:01
242,1029705220325031936,RT @apimIlustracion: Os recordamos que seguimos recibiendo proyectos de ilustraci√≥n a nuestro concurso. Ten√©is hasta el 15 de Septiembre. P‚Ä¶,2018-08-15 12:23:50
243,1029453776200052739,"RT @ANYTEMAA: Las #mujeres en los #videojuegos üîóhttps://t.co/rHEBEEaX7T 
üëæLa mujer de 35 a√±os, principal consumidora de videojuegos.
üëæLas m‚Ä¶",2018-08-14 19:44:41
244,1028981107629465600,"RT @HYPE_Station: ¬øQuer√©is m√°s noticias del Fallout 76? Entonces no os pod√©is perder la QuakeCon, este s√°bado a las 18:00h, Todd Howard y o‚Ä¶",2018-08-13 12:26:28
245,1027864860095340545,"RT @mujeresenjuegos: Los videojuegos violentos y sexistas, ¬ønegativos para la violencia de g√©nero? @antena3com https://t.co/D7rKCo5C4G",2018-08-10 10:30:54
246,1027863891542462464,@Fem_Shepard_ ¬øRedondos o poligonales?,2018-08-10 10:27:03
247,1027863466684637185,"No, ni el del 4 üò• https://t.co/E0xNrOGWJA",2018-08-10 10:25:21
248,1027863256386478080,RT @thebedisburning: hoy he so√±ado que ten√≠amos en casa un hu√©sped demon√≠aco pero literal: era un se√±or muy pesado de slaanesh que no hac√≠a‚Ä¶,2018-08-10 10:24:31
249,1027862698925719553,RT @GaymerEs: Tenemos la exclusiva de lo que le ha pasado a Luigi üíöen el #SmashBrosDirect . Ahora todo lo de Vivian üëª queda m√°s claro #Gaym‚Ä¶,2018-08-10 10:22:18
250,1026718595567497216,RT @RpgSpain: Vamos con un nuevo #RPGSemanal que apareci√≥ para la gran consola #NDS. ¬øConoc√©is Nostalgia? ¬°Iremos hablando de √©l entre todo‚Ä¶,2018-08-07 06:36:03
251,1026718562369654784,RT @MeriStation: Resulta que #ZeldaBreathoftheWild ya forma parte de la cronolog√≠a oficial. Te explicamos c√≥mo y d√≥nde se sit√∫a en la l√≠nea‚Ä¶,2018-08-07 06:35:55
252,1026488655836274688,"RT @mujeresenjuegos: Hombres y mujeres juegan casi lo mismo a videojuegos, seg√∫n un estudio @NeoxGames https://t.co/TAOXjpkqj0",2018-08-06 15:22:21
253,1026380133312151552,RT @LaNaveInvisible: Gracias a @mis2spoiler por este art√≠culo: #una√±odeautoras y el problema de visibilidad de las mujeres en la literatura‚Ä¶,2018-08-06 08:11:07
254,1026064589090373633,@MeriStation Ojal√° remake del DMC 3 üíï,2018-08-05 11:17:16
255,1026030259844464640,RT @Edd8bits: Brutal homenaje de El Asombroso Mundo de Gumball a Final Fantasy. Banana atacando como un Cactilio me ha encantado üòÇ https://‚Ä¶,2018-08-05 09:00:51
256,1025694896672440320,"RT @TodasGamers: #FelizS√°bado, sabemos que hace calor un poco por todas partes pero esperamos que teng√°is una mantita cerca bajo la que cob‚Ä¶",2018-08-04 10:48:14
257,1025694111020589056,@Gl0wing_ @mwediciones Lo quiero ;_;,2018-08-04 10:45:07
258,1025342165361283073,"RT @feminicidio: El Gobierno aprueba hoy la primera reforma legal adscrita al #Pacto contra la #ViolenciaDeG√©nero, sobre la atenci√≥n psicol‚Ä¶",2018-08-03 11:26:36
259,1025282593045073920,RT @Kitttsune: Hace un tiempo hicimos un fanzinito sobre las recetas que te pod√≠as encontrar en Zelda Breath of the Wild y ahora os lo pod√©‚Ä¶,2018-08-03 07:29:53
260,1024981122906775554,"@CarolinaJBlanco Lo tengo en word y pdf, si me lo pasas te lo podr√≠a mandar üìñ",2018-08-02 11:31:57
261,1024960277622738945,"@CarolinaJBlanco He pensado varias veces en subirlo a Internet, le voy a dar una vuelta üíñ",2018-08-02 10:09:07
262,1024937001907302400,"Por si queda alguien en toda Arda que no haya tenido oportunidad de leer 'una habitaci√≥n propia', de #VirginiaWoolf‚Ä¶ https://t.co/YsMfcRMonG",2018-08-02 08:36:38
263,1024920257960583168,"RT @ANYTEMAA: El mito del amor rom√°ntico en la #literatura a trav√©s de la revisi√≥n de una novela hist√≥rica: 'Los amantes de Galaroza' üìö.
üîóh‚Ä¶",2018-08-02 07:30:06
264,1024908427687022593,"@CarolinaJBlanco Yoo üíñ, mi TFG fue sobre la representaci√≥n de la mujer en los videojuegos. Mucha suerte¬°!",2018-08-02 06:43:05
265,1024646853848190977,¬øC√≥mo se representa al colectivo #LGTBIQ y los distintos roles de g√©nero en los #videojuegos? nos ensa√±amos un poco‚Ä¶ https://t.co/59RUpm2Qj3,2018-08-01 13:23:41
266,1024606461941493760,"Habl√≥ aqu√≠ sobre el mito del #amorrom√°ntico en la #literatura, enmarcado en un caso de novela hist√≥rica. https://t.co/c9XiusdZZl",2018-08-01 10:43:11
267,1024277319345758208,"RT @festivalcelsius: Y @ngelLuisSucasas, de @elpais_cultura tambi√©n entrevist√≥ a la gran @mstohl durante el #celsius2018, y este es el exce‚Ä¶",2018-07-31 12:55:17
268,1024255095301697536,"RT @ANYTEMAA: La ausencia de g√©nero neutro en espa√±ol y c√≥mo afecta a la #literatura. 
La traducci√≥n de la novela de #cienciaficcion 'Ancil‚Ä¶",2018-07-31 11:26:59
269,1023943760567259136,RT @feminicidio: D√≠a Mundial #ContraLaTrata: La polic√≠a calcula en unas 45.000 mujeres las v√≠ctimas en #Espa√±a de las redes de explotaci√≥n‚Ä¶,2018-07-30 14:49:51
270,1023882032978505739,"RT @MeriStation: ¬°Es oficial! #Disney compra Fox por 71.300 millones d√≥lares
https://t.co/HCb9bnmz0U",2018-07-30 10:44:34
271,1023881861729345541,@MeriStation  https://t.co/MVkMf7eAOC,2018-07-30 10:43:53
272,1023877701185294337,"RT @ANYTEMAA: El profe @salva_cv üßô‚Äç‚ôÇÔ∏è explicaba aqu√≠ en qu√© consiste su proyecto de #gamificaci√≥n y #educaci√≥n @TorreSalfuman, con el que c‚Ä¶",2018-07-30 10:27:21
273,1023859156342775808,"¬´cuando nuestros h√©roes no nos valen, nos toca a nosotras rehacerlos¬ª üí™üèª, fragmento del libro de ensayos '‚Ä¶ https://t.co/LiUOYUJjGk",2018-07-30 09:13:39
274,1023857768212652035,"RT @ctxt_es: ¬øQu√© acontecimientos, estrategias y pensadoras marcaron el camino hacia el 8M? ¬øQu√© retos y dilemas se deben afrontar para no‚Ä¶",2018-07-30 09:08:08
275,1023844538983563264,üëΩ https://t.co/b0S0FWIdVr,2018-07-30 08:15:34
276,1023839477817638912,"@Destino_RPG ¬°Uncharted!, me estoy pasando ahora la saga (mejor tarde que nunca). https://t.co/mZ6g0KAx2F",2018-07-30 07:55:28
277,1023816670169714688,"RT @ElislotedeCaro: Ojal√° que no te lleve toda una vida darte cuenta de que el primer amor es hacia ti misma...
Ojal√° eduquemos para ello.‚Ä¶",2018-07-30 06:24:50
278,1022751418229370880,RT @SangreFucsia: ¬°Menuda sorpresa nos hemos encontrado en YouTube! Una partida grabada de #FeminismosReunidos en la librer√≠a @VoragineSDR‚Ä¶,2018-07-27 07:51:54
279,1022747011676872704,RT @ANYTEMAA: Muy rayadas ‚ö°Ô∏ècon el tema de Dumbledore y Grindelwald. La importancia de esta relaci√≥n con respecto a la trama supera por var‚Ä¶,2018-07-27 07:34:23
280,1022491605792698368,"RT @feminicidio: Imputado el l√≠der de la Iglesia cat√≥lica en #Chile por encubrir #abusossexuales. 
https://t.co/Z1vpKdh5eh",2018-07-26 14:39:30
281,1022491509055205376,@AnaitGames  https://t.co/gjiBznawNo,2018-07-26 14:39:07
282,1022173942004572160,RT @raquelsastrecom: TRASVASE MARTE-MURCIA YA.,2018-07-25 17:37:13
283,1022131372222242816,"¬øHay una forma ""correcta"" de representar roles de g√©nero y sexualidades en los #videojuegos? Lo que si creo es que‚Ä¶ https://t.co/tjrIopDeEN",2018-07-25 14:48:04
284,1022127950429347840,RT @Afrofeminas: #Afrof√©minas Nos da una profunda tristeza y una verg√ºenza incre√≠ble esta historia donde se mancilla nuestra identidad como‚Ä¶,2018-07-25 14:34:28
285,1022056120876261378,"Lolita Ch√°vez, activista guatemalteca por los #DDHH de las #mujeres y l√≠der #ind√≠gena: ¬´Monsanto no se dio cuenta q‚Ä¶ https://t.co/Irny6dkS5j",2018-07-25 09:49:02
286,1022052779215544320,RT @maggieallennnn: i‚Äôm the saddest girl in the whole world https://t.co/eOcw8f4L8O,2018-07-25 09:35:46
287,1022050167527235585,"*Llega al restaurante*
- Hola, ¬øtienen algo vegano?
- Claro, y de inviegno.
*Yo* https://t.co/zDbmhF9FZ8",2018-07-25 09:25:23
288,1021763102071816194,RT @ANYTEMAA: Indignados del straightwashing de #fantasticbeasts y de la invisibilidad de Dumbledore como #gay. https://t.co/z7a2NuiPZu,2018-07-24 14:24:41
289,1021753871910227969,"RT @lorakahlo: La van a sacrificar en una semana,esta perrita merece todo el amor del mundo y yo no me la puedo quedar. Su antiguo due√±o la‚Ä¶",2018-07-24 13:48:00
290,1021739371328950272,He ido a descargar un documento de la sede electr√≥nica del Ministerio de Justicia y me he encontrado con este captc‚Ä¶ https://t.co/pIn1wpBTel,2018-07-24 12:50:23
291,1021722060882685952,@ANYTEMAA  https://t.co/PkXte3KsI9,2018-07-24 11:41:36
292,1021715917900865536,‚ú®¬øCrees que es v√°lida cualquier forma de representaci√≥n de personajes #LGTBIQ en #videojuegos mientras se represent‚Ä¶ https://t.co/LXbQdEIFgg,2018-07-24 11:17:12
293,1021639324180340736,"RT @TodasGamers: ¬øPor qu√© elijo a mujeres cuando juego a videojuegos?
üîóhttps://t.co/T6jHKeImoY https://t.co/RZ51LI8iWY",2018-07-24 06:12:50
294,1021482966587981824,RT @vidaextra: Shadow of the Tomb Raider nos lleva de viaje a la ciudad de Paititi y algunas de sus tumbas en un gameplay de 10 minutos htt‚Ä¶,2018-07-23 19:51:32
295,1021414138550136832,RT @GaymerEs: ¬øC√≥mo es NieR Automata en cuestiones de sexualidad y g√©nero? Nuestro colaborador @Sr_Samus_ nos lo cuenta en este pedazo de a‚Ä¶,2018-07-23 15:18:02
296,1021403522385014784,RT @mujeresenjuegos: Women in Games elabora el ‚ÄòLibro Blanco sobre la situaci√≥n de las mujeres en la industria espa√±ola del videojuego‚Äô htt‚Ä¶,2018-07-23 14:35:51
297,1021350751401127936,RT @ANYTEMAA: üéÆEl sector de los #videojuegos sigue siendo predominantemente masculina: s√≥lo un 17% de quienes viven de ello son mujeres. Un‚Ä¶,2018-07-23 11:06:09
298,1021285359450316800,Sepan todos que estoy sin tel√©fono m√≥vil. Ha muerto. Cualquier urgencia al correo plisase. https://t.co/GhIZlIxOg4,2018-07-23 06:46:18
299,1018593269637435392,"RT @TodasGamers: #FelizDomingo, hoy nos sentamos tranquilamente con @Darkor_LF para hablar de lo dif√≠cil que es decir adi√≥s, incluso en un‚Ä¶",2018-07-15 20:28:54
300,1018072691079876609,"RT @ANYTEMAA: Mirad:

¬øno es adorable y maravilloso? ‚ú® https://t.co/QZwbL0qh85",2018-07-14 10:00:19
301,1017744286023143426,"RT @Alex_redmiau: Un an√°lisis constructivo y profundo, MIL GRACIAS. https://t.co/VGyI78Z79W",2018-07-13 12:15:21
302,1017719083406589952,"RT @Chimchur: La mejor manera de evitar que te hagan counterjungle?
El di√°logo. https://t.co/uRGcHqrmHA",2018-07-13 10:35:12
303,1017718859674128384,"RT @SangreFucsia: ¬øSab√≠as que el miedo al #Viernes13 tiene nombre? Friggaatriscaidecafobia. 
Con esa excusa, hace cinco a√±os, emitimos este‚Ä¶",2018-07-13 10:34:19
304,1017050659248656386,"RT @Alex_redmiau: Hoy un ni√±o heterosexual (seg√∫n el) que hab√≠a jugado a #defobosydeimos me ha dicho ""es que no puedes matar a una parte de‚Ä¶",2018-07-11 14:19:07
305,1017049732991062016,"RT @rpd83: Decir ""tengo hambre"" y que te respondan ""hay fruta"" es tambi√©n una forma de violencia.",2018-07-11 14:15:26
306,1016990808984248320,"RT @feminicidio: Una reportera de Espejo P√∫blico, v√≠ctima de tocamientos y comentarios sobre su f√≠sico en #SanFermines #AbusoSexual 
#LaMan‚Ä¶",2018-07-11 10:21:18
307,1016989067534389248,"RT @silveryraindrop: ""Tienes que respetar al camarero que trabaja en ese bar porque podr√≠a ser tu futuro doctor.""
""Y esa dependienta podr√≠a‚Ä¶",2018-07-11 10:14:23
308,1016750080987226113,"RT @desmusea: ¬øEres una #FRITA? ‚ö°Ô∏è Obviamente, S√ç
¬øTe has pasado el #ORGULLO2018 comiendo #CARNEHUMANA ü•© (o al menos sabore√°ndolaü§¶‚Äç‚ôÄÔ∏è)? 
Ec‚Ä¶",2018-07-10 18:24:44
309,1016569665265586176,"RT @NCINoticias: ¬´Llevo m√°s de 20 a√±os como activista muxe en M√©xico y Am√©rica Latina, trabajando temas de salud, sexualidad y derechos hum‚Ä¶",2018-07-10 06:27:49
310,1016458448354119680,"@LauraLunaLu Si, de hecho hoy iba un se√±or sigui√©ndome por la calle tratando de darme conversaci√≥n, la cu√°l no esta‚Ä¶ https://t.co/ETc98O6JOV",2018-07-09 23:05:53
311,1016453493509492737,RT @bitjuegos: Primer vistazo al opening animado del indie Indivisible https://t.co/0YcyODFKzR,2018-07-09 22:46:12
312,1016379680398639105,RT @ElisaEFS: nos hemos llevado un premio en la #MJW8! gracias a @GaymerEs ‚ù§Ô∏è pod√©is jugarlo aqu√≠ https://t.co/IHzO9sksj6  @MalagaJam @Slan‚Ä¶,2018-07-09 17:52:53
313,1016370354401480706,"RT @Locarconio: Hay una diferencia entre VIVIR del activismo y LUCRARSE del activismo. 

Y luego tambi√©n hay que tener la situaci√≥n persona‚Ä¶",2018-07-09 17:15:50
314,1016370051832836097,"@Locarconio Es m√°s complicado, creo que no deber√≠amos ser tan categ√≥ricas en esto. Ser activista conlleva documenta‚Ä¶ https://t.co/mVFboQJXwM",2018-07-09 17:14:38
315,1016366366075613184,Ayer me termin√© el #Bloodborne y no entiendo muy bien que ha ocurrido. https://t.co/6xLaVh1uhZ,2018-07-09 16:59:59
316,1016028922839027712,"@TamaraLibertad Cu√°nto necesitamos de una educaci√≥n socio - afectiva, desde el colegio.

Ojal√° se llegue pronto al‚Ä¶ https://t.co/qTag0egaO4",2018-07-08 18:39:06
317,1016027593148108800,RT @crunchyroll_es: Si la vida fuese un Simulador de Citas... (v√≠a Tsukigakirei) https://t.co/Q2I4acwRuX,2018-07-08 18:33:49
318,1015905464624836613,@Chellinnn Yo tambi√©n tengo üò≠ https://t.co/pcnANgERMC,2018-07-08 10:28:32
319,1015855258399059968,@monerenarea51 ¬ø¬øCu√°l es el de la izquierda?? üê±,2018-07-08 07:09:01
320,1015716949005885441,Todos en el #Orgullo‚Å† ‚Å†y yo engullendo curry y dibujando para las entregas de la semana que viene. Pasadlo bien por‚Ä¶ https://t.co/68X93k7EdN,2018-07-07 21:59:26
321,1015714629337731072,@TodasGamers Que adorable ! üíñ,2018-07-07 21:50:13
322,1015617414783029248,"RT @firecrackerx: Sab√©is que cuesta mucho cabrearme y que generalmente no me inmuto ni a la hora de discutir, pero a ver si todas las TERFs‚Ä¶",2018-07-07 15:23:55
323,1015592697007140865,@TodasGamers  https://t.co/jhvcFkP37s,2018-07-07 13:45:42
324,1015591853331243009,"Un place escuchar a Haffifa Bakessou, colaboradora de @ECYS_SanCris, hablar sobre la necesidad de deconstruir los e‚Ä¶ https://t.co/qqZNBCQGUt",2018-07-07 13:42:21
325,1015590616221278209,@RedFeminista @GitFeministas ¬øNo puede haber diversidad de perspectiva sobre la abolici√≥n de la prostituci√≥n? siemp‚Ä¶ https://t.co/wWQzIzijRI,2018-07-07 13:37:26
326,1015561559517597696,"@esjavieraleman Ya, tuve que abandonar una partida una vez en Oblivion porque se me buge√≥ y cada vez que iniciaba juego me mataba el sol üòÇüòÇ",2018-07-07 11:41:58
327,1015561056645771264,"@esjavieraleman Te iba a decir eso, pero si nos ponemos con DLC o cameos vampiricos nos podemos morir ‚ò†Ô∏è. Si se tra‚Ä¶ https://t.co/HRXlO2F1iX",2018-07-07 11:39:58
328,1015526162691514368,@_MagivanderMort @mujeresenjuegos @OverwatchES No s√© como hay gente que sigue afirmando que esto no pasa. No os qui‚Ä¶ https://t.co/Y3nvkG57Y2,2018-07-07 09:21:19
329,1015525599283171328,"RT @_MagivanderMort: ¬øOs cre√©is que es mentira y no pasa? 
Me acabo de meter a un escuadr√≥n personalizado de los nuevos de @OverwatchES con‚Ä¶",2018-07-07 09:19:05
330,1015524940467068928,"Desde Women in Games han publicado 12 recomendaciones para la industria de los #videojuegos, con el objetivo de que‚Ä¶ https://t.co/R9N4djNso5",2018-07-07 09:16:28
331,1015372015778369536,@desmusea @Museo_Lazaro G A N A S https://t.co/VV7EgAbtHt,2018-07-06 23:08:47
332,1015371747007311873,@swordwoman_ @GaymerEs @Alex_redmiau ¬°Has encontrado un tomate podrido! https://t.co/szY475nPgc,2018-07-06 23:07:43
333,1015338632205434881,"Cosas que me dan mucho #hype del #Fallout76 üí•:
üìåMapa cuatro veces mayor que el de Fallout 4 
üìåModo multijugador onl‚Ä¶ https://t.co/i619gdQdt7",2018-07-06 20:56:08
334,1015333366965645317,"RT @ANYTEMAA: 'De Fobos y Deimos', un RPG de corte cl√°sico cuya narrativa se centra en la lucha contra el acoso #LGTBI y el #bullying. A pa‚Ä¶",2018-07-06 20:35:13
335,1015330976535326724,¬øa√∫n no has escuchado nuestro primer podcast? üíñCharlamos sobre la representaci√≥n de los personajes #LGTBI en los‚Ä¶ https://t.co/YDM3Nz9co3,2018-07-06 20:25:43
336,1015281095691112449,"RT @emimonserrate: And finally, the last round of these monster kids I did for @cardamajigs ~ Hope you enjoyed them! #pixelart https://t.co‚Ä¶",2018-07-06 17:07:30
337,1015273086403346432,@Alex_redmiau @GaymerEs Al l√≠o :3! https://t.co/gCuD4Y8FiN,2018-07-06 16:35:41
338,1015270827133145090,@ANYTEMAA jijijiji üßôüèª‚Äç‚ôÇÔ∏è https://t.co/tB2NvqAaZl,2018-07-06 16:26:42
339,1015224501234257922,"@annapacheco__ sobre la libertad del deseo sexual: ""si no hay educaci√≥n sexual que contrarreste la mirada de la‚Ä¶ https://t.co/ync7I4bgSl",2018-07-06 13:22:37
340,1015167728104169472,RT @GaymerEs: ¬°Ha llegado el d√≠a! Hoy ya est√° disponible de forma GRATUITA el primer videojuego contra el bullying LGBT+fobico ‚ÄúDe Fobos y‚Ä¶,2018-07-06 09:37:01
341,1015129314365407232,RT @AnsibleFest: üì£¬°Aqu√≠ lo ten√©is!üì¢ ¬°Programa fresquito! Esperamos que os guste tanto como a nosotras üòç‚ú®üéâüöÄ https://t.co/0YD1HaXhoK,2018-07-06 07:04:23
342,1015128299469787136,@VelvetMolotov Siempre https://t.co/AktzyNAIIn,2018-07-06 07:00:21
343,1015016487722127361,@Iriagparente Yo cuando he visto el TT no sab√≠a qu√© era. He pensando en el Final Fantasy X üòÇ,2018-07-05 23:36:03
344,1015016272906608643,RT @SoyHomosensual: Por primera vez en la historia participar√° una mujer trans en Miss Universo üåàüòç https://t.co/hhLO6H1NtN,2018-07-05 23:35:12
345,1015015581181935616,"@JuandiMena_ @javviercalvo @PaquitaSalas @_YolandaRamos_ Eso, que yo quiero mi divacel https://t.co/5ZCAFjnGLT",2018-07-05 23:32:27
346,1015013674971430912,RT @PlayGrounder: Periodistas de televisi√≥n denuncian el acoso sexual. #deixaelastrabalhar #dejalastrabajar https://t.co/ryRWlFa64t,2018-07-05 23:24:52
347,1014981114933530624,"RT @TodasGamers: Bueno, chiquis, que #LifeIsStrange2 se viene ya y para ir abriendo boca hoy os hemos rese√±ado #TheAwesomeAdventuresOfCapta‚Ä¶",2018-07-05 21:15:29
348,1014969918800973824,Yas üòç https://t.co/qL1LlbVvLy,2018-07-05 20:31:00
349,1014968922964201474,Yo cuando veo que #FXFinal es tendencia. https://t.co/OC5cYjQCSO,2018-07-05 20:27:03
350,1014966114797936640,"RT @billiebody: For more than 100 years, women‚Äôs razor brands haven‚Äôt shown women‚Äôs body hair... until now. Introducing Project Body Hair.‚Ä¶",2018-07-05 20:15:53
351,1014965487942488065,@Jimereno Y lo sabes... https://t.co/tNb4OGnKyO,2018-07-05 20:13:24
352,1014943712185548803,RT @Dunkel217: La mejor misi√≥n/conversaci√≥n en todo #TheWitcher3 es la de Geralt con Sardinilla https://t.co/MzwUouwvZp,2018-07-05 18:46:52
353,1014942482164060161,"RT @NCINoticias: Para celebrar el #OrgulloMadrid2018 recuperamos esta entrevista a Mili Hern√°ndez (@MiliBerkana) y Mar de Gri√±√≥, las dos mu‚Ä¶",2018-07-05 18:41:59
354,1014942067124994049,RT @ANYTEMAA: En nuestro primer podcast hemos despotricado sobre lo que nos parece la representaci√≥n de los personajes #LGTBIQ en los #vide‚Ä¶,2018-07-05 18:40:20
355,1014941641558364161,"RT @GaymerEs: Nos encantan Los Sims, pero recientemente jugarlo se ha convertido en algo imposible en algunos pa√≠ses ya que se ha PROHIBIDO‚Ä¶",2018-07-05 18:38:38
356,1014940006895509505,‚ú®üíñ https://t.co/G9SbEqggOi,2018-07-05 18:32:08
357,1014939282056843264,RT @desmusea: Nuestros amiguis de ‚ú®ANYTEMA ‚ú® son guapos PERO lo importante es q han sacado su primer PODCAST üêÅ sobre videojuegos y represen‚Ä¶,2018-07-05 18:29:16
358,1014939262989557760,"@desmusea ¬°Llegamos por los pelos al #Orgullo !, a nosotros DESMUSEA nos E-N-C-A-N-T-A y nos fascina. ¬°Quedamos ate‚Ä¶ https://t.co/5dyU3ZIKAl",2018-07-05 18:29:11
359,1014911735503998976,@Noelia_Carrion9 @pesefe @GretaAira @ghlorenzo Que os aprovechen las berenjenas de Almagro !! https://t.co/lvRL6VYQr6,2018-07-05 16:39:48
360,1014910250158305281,"RT @FemDevs: Os traemos fotos del evento de esta tarde en el Espacio Fundaci√≥n Telef√≥nica, donde algunas compa√±eras han hablado de videojue‚Ä¶",2018-07-05 16:33:54
361,1014910119056957441,RT @BolliStuff: La reforma ha sido rechazada. Los medios dicen que han sido las reclamaciones ciudadanas quienes frenaron que saliera adela‚Ä¶,2018-07-05 16:33:23
362,1014895735026929664,@Olelolai @TodasGamers @Jimereno @CrispyXtreme @FemDevs @mujeresenjuegos @GinaTost @GaymerEs @emimonserrate‚Ä¶ https://t.co/cSupj876sn,2018-07-05 15:36:13
363,1014895312798969860,¬°Much√≠simas gracias @Olelolai! Estas cositas nos animan un mont√≥n a seguir üòç https://t.co/AqQdxsEzKN,2018-07-05 15:34:33
364,1014865092448485376,@Olelolai @TodasGamers @Jimereno @CrispyXtreme @FemDevs @mujeresenjuegos @GinaTost @GaymerEs @emimonserrate‚Ä¶ https://t.co/nTMtNKDfCx,2018-07-05 13:34:27
365,1014863327405670403,@Olelolai @TodasGamers @Jimereno @CrispyXtreme @FemDevs @mujeresenjuegos @GinaTost @GaymerEs @emimonserrate‚Ä¶ https://t.co/NJGezXBdwy,2018-07-05 13:27:27
366,1014784540009746434,"¬øA alguien le interesar√≠a un podcast para hablar de Juana de Arco? Sobre su #historia, el importante papel que tuvo‚Ä¶ https://t.co/kuvBHSlxQr",2018-07-05 08:14:22
367,1014555195030638592,RT @ANYTEMAA: Escuchando hablar sobre #VideojuegosLGTB en @EspacioFTef. Con @firecrackerx @LauraLunaLu @IsiAngeath @Alex_redmiau y @Srpacot‚Ä¶,2018-07-04 17:03:02
368,1014451395888664577,√öltimo empuj√≥n para que desde @Afrofeminas consigan su objetivo en @verkami: financiaci√≥n para las impulsar las 'jo‚Ä¶ https://t.co/WX3R53u0qS,2018-07-04 10:10:35
369,1014450324738887680,"RT @BolliStuff: üö©üö©Importante para entender en qu√© nos afecta la votaci√≥n de ma√±anaüö©üö©
https://t.co/mlaoDeLa8H",2018-07-04 10:06:19
370,1014449753625645056,Mil gracias @Noelia_Carrion9 üíõ,2018-07-04 10:04:03
371,1014442470506139648,¬°Gracias a todes por compartir! üíõ,2018-07-04 09:35:07
372,1014441202622631941,"@emimonserrate Los ejemplos de #videojuegos japoneses suelen tender siempre al bizarrismo, incluso en la representa‚Ä¶ https://t.co/5ret5NKyWD",2018-07-04 09:30:04
373,1014436272780300288,"RT @SangreFucsia: üèä‚Äç‚ôÄÔ∏è Piscina, üèñÔ∏èplaya, ‚õ∞Ô∏è monta√±a o üåÜ ciudad: #FeminismosReunidos es el juego perfecto para este verano, est√©s donde est√©‚Ä¶",2018-07-04 09:10:29
374,1014435933062647808,@TodasGamers @Darkor_LF Jajaja https://t.co/b9V03ePIyQ,2018-07-04 09:09:08
375,1014435829475938305,"RT @TodasGamers: #FelizMi√©rcoles. ¬øCre√≠ais que @Darkor_LF hab√≠a terminado ya de hablar del #FFXV?
Pues, obviamente, no.
¬°Episodio Ignis, al‚Ä¶",2018-07-04 09:08:43
376,1014140319921733632,¬°Gracias por compartir! üòΩüòΩ https://t.co/vlslFpLSAJ,2018-07-03 13:34:28
377,1014122056122847232,RT @anaisbernal: Suecia aprueba por ley que el sexo sin consentimiento tambi√©n es violaci√≥n https://t.co/xKD342u3rN v√≠a @publico_es Incluso‚Ä¶,2018-07-03 12:21:54
378,1014121645710200833,"RT @GamaLgtb: ¬øNos ayudan a difundir este taller en sobre diversidad sexual y de g√©nero y periodismo? 

¬°Estaremos el jueves en Puerto del‚Ä¶",2018-07-03 12:20:16
379,1014117700422066177,En el 1¬∫ #podcast de ANYTEMA hablamos del rol con el que se representa en los #videojuegos a los personajes #LGTBIQ‚Ä¶ https://t.co/ESYWULyKJg,2018-07-03 12:04:35
380,1013919660159455232,Al fin un an√°lisis digno üëèüèªüëèüèª https://t.co/oQ5ajYAgyd,2018-07-02 22:57:39
381,1013901172162383878,Cuando eres un weeabo y te metes feliz en twitter porque Jap√≥n es trending topic...y....no. https://t.co/ZfRAie8VTQ,2018-07-02 21:44:11
382,1013897700922798082,RT @thebedisburning: https://t.co/Xjkdi6VwEp,2018-07-02 21:30:23
383,1013897507594821634,üíñ‚ú®TO MUCH ‚ú®üíñ https://t.co/NfvweabBOe,2018-07-02 21:29:37
384,1013897314459705345,@GinaTost @anitaobregon @LoryMoneySupa @javviercalvo @PaquitaSalas Vamos por el mismo cap√≠tulo !! https://t.co/lbAz7O7BVn,2018-07-02 21:28:51
385,1013848687695589376,@Jimereno THIS https://t.co/Shclts78IG,2018-07-02 18:15:38
386,1013846804163592192,@JohnnyDessu De eso nada. Por el poder #Otome üíñ https://t.co/XfjaiEQj9t,2018-07-02 18:08:09
387,1013845979441885184,Gracias por compartir üíñ. https://t.co/b8wEzI4E9h,2018-07-02 18:04:52
388,1013845089846747136,@GretaAira @TodasGamers @Jimereno @CrispyXtreme @FemDevs @mujeresenjuegos @GinaTost @GaymerEs @emimonserrate @desmusea Gracias!! üíñüíñüíñ,2018-07-02 18:01:20
389,1013765414747361285,¬°Hola! Desde ANYTEMA publicamos nuestro 1¬∫ #podcast. Al principio estamos m√°s cortados que Malfoy despu√©s del sectu‚Ä¶ https://t.co/02Z4MX5wiM,2018-07-02 12:44:44
390,1013322108124958720,RT @Omar__AJ: The coolest grandma on the block #PrideBCN https://t.co/9x0BPD7gC0,2018-07-01 07:23:11
391,1012645346940473344,Reconstruirse a uno mismo a trav√©s de la visi√≥n de otras personas. Es el genial concepto con el que la peruana‚Ä¶ https://t.co/WDZ8MEy6e9,2018-06-29 10:33:59
392,1012259680578625536,"RT @pikaramagazine: ""Antes cre√≠a que el sistema me rechazaba por mi diversidad. Ahora siento que lo que quiere es capitalizar mi vida, a tr‚Ä¶",2018-06-28 09:01:29
393,1012259013499736064,"RT @NCINoticias: El #Orgullo2018 es un d√≠a para celebrar, pero tambi√©n para reivindicar. 
El pasado a√±o reunimos a voces de la cultura @ram‚Ä¶",2018-06-28 08:58:50
394,1011879879753764864,RT @A_CR_E: Repintar la policrom√≠a original no es restaurar. Los conservadores-restauradores respetamos siempre el original haciendo lo que‚Ä¶,2018-06-27 07:52:17
395,1010838606964027392,No s√© que pensar sobre esto. ¬øSiempre se debe dar voz a las dos partes de un conflicto? https://t.co/0bJb8byOQy,2018-06-24 10:54:39
396,1010838215329288192,RT @DavidGosu: Pa que highlighter si ya sudo yo como un puto cerdo.,2018-06-24 10:53:05
397,1010171775966117894,"A la Tierra: ""T√∫ que nos devuelves el grano que te confiamos. Pero no nos devuelves la simiente humana, esos querid‚Ä¶ https://t.co/nL2FzgsJdQ",2018-06-22 14:44:54
398,1010167240145108994,"RT @NCINoticias: ¬´si pudiese revolucionar m√°s cosas, revolucionaria la concepci√≥n de lo que creemos que es el trabajo, y disolver√≠a la fe q‚Ä¶",2018-06-22 14:26:52
399,1009796812360835074,RT @VandalOnline: Cyberpunk 2077 sobre a√±adir a Ciri: 'No somos Kingdom Hearts' https://t.co/QrcajfgMNx,2018-06-21 13:54:55
400,1009796471141687297,"RT @raquelejerique: Acabamos de saber que nos han imputado a @iescolar y a m√≠ por ""descubrimiento de secretos"" tras destapar el Caso Cifuen‚Ä¶",2018-06-21 13:53:34
401,1009430179805003780,"RT @mujeresdeguate: Ana, #refugiada guatemalteca, hizo posible el #YoTeCreo que hoy une apoyos para las v√≠ctimas de abusos y agresiones sex‚Ä¶",2018-06-20 13:38:03
402,1009429873037840385,"RT @NCINoticias: #DiaMundialDelRefugiado
72 pa√≠ses a√∫n penalizan por ley a las personas #LGTB, y muchas de ellas se convierten en #refugiad‚Ä¶",2018-06-20 13:36:50
403,1009381545877090305,"Esto ya pasaba con Barack Obama (y antes), Nobel de la Paz en 2009, conocido internacionalmente por sus pol√≠ticas r‚Ä¶ https://t.co/LZSeMomG4K",2018-06-20 10:24:48
404,1009089371985891330,"RT @feminicidio: El calvario de una ni√±a de 15 a√±os v√≠ctima de #BokoHaram ""Entraban y nos violaban cuando les apetec√≠a""
D√≠a Internacional p‚Ä¶",2018-06-19 15:03:48
405,1009020423969832961,"RT @feminicidio: La OMS saca la #transexualidad de la lista de enfermedades mentales.
#DerechosLGTB 
https://t.co/8R5jv1Wzp4",2018-06-19 10:29:50
406,1009018865379143680,"¬´estamos ante una crisis de la psiquiatr√≠a¬ª, El psiquiatra Alberto Fern√°ndez Liria denuncia la utilizaci√≥n de pr√°ct‚Ä¶ https://t.co/NgXOGbAnCA",2018-06-19 10:23:38
407,1008304013752832001,"RT @NCINoticias: #YolandaColom: ¬´el n√∫cleo de nuestro trabajo no era la acci√≥n militar. Era alfabetizar, elevar el nivel cultural de la gen‚Ä¶",2018-06-17 11:03:04
408,1008303267229642752,RT @Afrofeminas: #Afrof√©minas El humanitarismo se ha convertido una industria de miles de millones de d√≥lares. Se trata de una parte fundam‚Ä¶,2018-06-17 11:00:06
409,1007925745887432704,RT @sweetiehstl: me paro y le aplaudo a esta mujer  #AbortoSesionHistorica #AbortoLegalYa #AbortoSeraLey https://t.co/8FewNEywQ0,2018-06-16 09:59:58
410,1007925281942892544,"RT @TodasGamers: ¬øY qu√© pasa con la bisexualidad en los videojuegos?
üîóhttps://t.co/p1HjvrlWx9 https://t.co/i2X2kvs2Vr",2018-06-16 09:58:08
411,1007925245750206465,"RT @Principia_io: Hoy, en Principia, toca hablar de #literatura, #ciencia y #√©tica con @luismormz y la magn√≠fica ilustraci√≥n de @ElsaVB_  üëâ‚Ä¶",2018-06-16 09:57:59
412,1007924649391480832,"RT @TFeminista_: #Firmas
Marina Ruiz: #pornograf√≠a y #violencia 
""Los menores de edad est√°n accediendo cada vez a m√°s temprana edad a la po‚Ä¶",2018-06-16 09:55:37
413,1007281893585358851,"RT @cosecharoja: El momento exacto de la votaci√≥n.
No podemos parar de llorar. 
 #AbortoSeraLey. 
#AbortoLegalYa https://t.co/RSrY4UUEkE",2018-06-14 15:21:32
414,1007281650047340545,"üôåüèºüôåüèºBravo por las hermanas de #Argentina. La c√°mara de diputados vota a favor de la despenalizaci√≥n del aborto, y c‚Ä¶ https://t.co/aMwINzLK7o",2018-06-14 15:20:34
415,1007001684869025794,JAJAJAJAJA https://t.co/vwiZMtF38n,2018-06-13 20:48:05
416,1007001624072671232,RT @TodasGamers: Y ahora que estos d√≠as ha salido toda la movida de los se√±ores derramando r√≠os de manly tears al respecto de que han arrui‚Ä¶,2018-06-13 20:47:51
417,1006906523472318464,RT @Afrofeminas: Seguimoscon el crowdfunding paralas #JornadasAfrof√©minas Hemos creado una  recompensa pensada para gente que no puede acud‚Ä¶,2018-06-13 14:29:57
418,1006889239706046465,RT @pikaramagazine: Hoy es #13J y nuestras hermanas de #Argentina ocupan calles y redes por el #AbortoLegalYA . Apoyemos! #Ser√°Ley https://‚Ä¶,2018-06-13 13:21:16
419,1006830633425997824,"#D√≠aInternacionaldelAlbinismo
‚úèÔ∏èSer albino no implica la disminuci√≥n de pigmento en piel, ojos o pelo. 
‚úèÔ∏èHay mucho‚Ä¶ https://t.co/M6KbbpvhKY",2018-06-13 09:28:23
420,1006562276692889600,"RT @NCINoticias: '¬øLo Ves?' es un cortometraje dirigido por @PattyBonet que muestra c√≥mo ve una persona con #albinismo. Ma√±ana, durante el‚Ä¶",2018-06-12 15:42:02
421,1006552741341224960,Sigo en Shock. https://t.co/CbosvK55so,2018-06-12 15:04:09
422,1006522807570915328,Desde @Afrofeminas han lanzado una campa√±a de crowdfunding para realizar en septiembre las Jornadas Afrof√©minas en‚Ä¶ https://t.co/75oZfScPOM,2018-06-12 13:05:12
423,1006183709177937920,RT @Perricaokid: Twitter es Barroco https://t.co/i67IV8qS46,2018-06-11 14:37:44
424,1006129798387814400,"¬´somos #millennials. La depresi√≥n y la ansiedad forman parte de nuestro ADN¬ª.
Les de @desmusea ofrecen una idea par‚Ä¶ https://t.co/gyQqIjV4oD",2018-06-11 11:03:31
425,1006127895130058752,#progresismomainstream https://t.co/IeAKrQ9O8s,2018-06-11 10:55:57
426,1006127371387330561,RT @mujeresdeguate: ‚ÄúMis compa√±eras del norte creen que han inventado el feminismo. En √Åfrica lo ha habido siempre‚Äù. Grande Remei Sipi üôåüèΩ‚Ä¶,2018-06-11 10:53:52
427,1006127268744384515,@BeatrizGimeno1 analiza la #lactancia materna desde una perspectiva #feminista en su libro 'La Lactancia Materna' (‚Ä¶ https://t.co/3lSCNFNX0L,2018-06-11 10:53:28
428,1006126976095195136,@BeatrizGimeno1 analiza la #lactancia materna desde una perspectiva #feminista en 'La Lactancia Materna' (‚Ä¶ https://t.co/BgnnekkYov,2018-06-11 10:52:18
429,1005775436389978112,"RT @NCINoticias: ¬´Mir√° como estamos. Nosotras. Las corporalidades que somos conolizadas...¬°Por ustedes!¬ª, entrevistamos a @acanacaro a su p‚Ä¶",2018-06-10 11:35:25
430,1005086342638915585,"RT @feminicidio: Un Gobierno formado por una mayor√≠a de mujeres no es un Gobierno feminista, es un Gobierno formado por una mayor√≠a de muje‚Ä¶",2018-06-08 13:57:12
431,1005047169538281472,EH! @paulaboneti estar√° hasta el domingo en @FLMadrid firmado‚úçüèª#PorElOlvido https://t.co/Ismi8755Xr,2018-06-08 11:21:32
432,1004726374286979073,Los de @desmusea te recomiendan los 10 MEJORES RINCONES DE #MUSEOS DE #MADRID DONDE LLORAR üö£‚Äç‚ôÄÔ∏è‚Ä¶ https://t.co/HViiqcG7gI,2018-06-07 14:06:49
433,1004383214037864448,RT @SirokoOficial: Pedro Duque llegando tarde a un pleno. https://t.co/9J8hbRdGsZ,2018-06-06 15:23:13
434,1004308947489214469,Desde @Principia_io ha sacado un especial con una f√≥rmula üëåüèª:‚Ä¶ https://t.co/6A6eY2XP4D,2018-06-06 10:28:06
435,1004306368424300545,"RT @srtabebi: Dejad de decir que est√°is dispuestos a que los gitanos ""se adapten"". La cultura gitana no quiere adaptarse a la vuestra ni ti‚Ä¶",2018-06-06 10:17:51
436,1004305921647038465,"El #astronauta Pedro Duque, qui√©n ser√° el nuevo ministro de Ciencia en el Gobierno de S√°nchez, denunciaba as√≠ la fa‚Ä¶ https://t.co/7ZafqpLPxQ",2018-06-06 10:16:05
437,1004119137919164421,RT @emimonserrate: New botw stickers will also be available soon! Hehe now I'm tempted to do more pixel scenes with these guys...  (Ôø£œâÔø£;) h‚Ä¶,2018-06-05 21:53:52
438,1003707036310409222,"RT @feminicidio: La #violenciamachista es ya una emergencia nacional en #Uruguay
https://t.co/LfsMq2o2Mr",2018-06-04 18:36:20
439,1003704075203088391,YO EN LA VIDA. https://t.co/MKtz67wfw9,2018-06-04 18:24:34
440,1003703978490818563,"RT @ctxt_es: Sobre aquellas mujeres que, silenciadas e invisibles, sostienen el mundo. Por Nerea Balinot https://t.co/XrRyCUNaPN",2018-06-04 18:24:11
441,1003383012984225792,RT @FonsiLoaiza: Las jugadoras del Bar√ßa femenino se proclaman campeonas de la Copa de la Reina. Recibir√°n de premio en met√°lico 0‚Ç¨. El cam‚Ä¶,2018-06-03 21:08:46
442,1003382788756770816,"RT @desmusea: De tu propio cuerpo que pesa y que ocupa, que segrega y absorbe. Que es.

https://t.co/8ZHOVnOIAv https://t.co/0gN4fmW0O7",2018-06-03 21:07:53
443,1003382757026869257,"RT @pikaramagazine: DOCUMENTAL | En un barrio de Maputo (#Mozambique), ni√±as y mujeres de hasta 64 a√±os bailan y saltan a la comba juntas.‚Ä¶",2018-06-03 21:07:45
444,1002556849458204673,"Y se apag√≥ el plasma.
#Adi√≥sRajoy https://t.co/qfgECcfdVp",2018-06-01 14:25:54
445,1002485323794927616,OPS! https://t.co/bolSzKRaCs,2018-06-01 09:41:41
446,1002199833694875648,Mi opini√≥n sobre la #MocionCensura. https://t.co/u1MErQzsl7,2018-05-31 14:47:14
447,1002198911799496705,"¬´la rata topo ha vuelto a sorprendernos¬ª. 
Mira el v√≠deo en @PDICIENCIA, un programa en Youtube de‚Ä¶ https://t.co/x37ToyJHEj",2018-05-31 14:43:35
448,1002198159534288896,RT @JotDownSpain: [Fotograf√≠a de Dani Gago] https://t.co/ZVtM9ZJoQr,2018-05-31 14:40:35
449,1002105659612123136,#DESMUSEA https://t.co/jfoSYt241U,2018-05-31 08:33:02
450,1001919145137573889,La divulgaci√≥n cient√≠fica y la #discapacidad se unen para luchar por una #cienciainclusiva. Es el objetivo de‚Ä¶ https://t.co/czUiCVmf7H,2018-05-30 20:11:53
451,1001857010089021440,"RT @Royaards: Good migrant, bad migrant? https://t.co/SDGxx0BTrt",2018-05-30 16:04:59
452,1001856942124478469,RT @Locarconio: ¬øSabes lo que s√≠ sabemos? Que sois ya muchos tipos los que est√°is viniendo a defender que otros tipos puedan decir tranquil‚Ä¶,2018-05-30 16:04:43
453,1001856789674065920,@disnomiaxx Ok a la vida.,2018-05-30 16:04:06
454,1001856102928089089,RT @VividVivka: https://t.co/XpAURMi7LU,2018-05-30 16:01:23
455,1001856009642631168,RT @TheElderMemes: Skyblivion is now my new favorite https://t.co/93Yt5dXPKe,2018-05-30 16:01:00
456,1000760958195785728,RT @Independent: The moment Ireland learned that 66.4% voted to Repeal the Eighth https://t.co/gd1dPtsrq2,2018-05-27 15:29:40
457,1000675057922912258,RT @desmusea: ¬øc√≥mo entendemos el cuerpo ahora que somos cyborgs? ü§≥la semana que viene lo pensamos‚ú® a trav√©s del proyecto üôèüèªcuerpos opacos‚Ä¶,2018-05-27 09:48:20
458,999228349653372930,"¬°La Paca en Jap√≥n! ü§£
Parece un anime: ‚ÄúPakiita Sarasu: „Äúmirai no sutaa wo sagase!„Äú‚Äù (Paquita Salas: ¬°en busca de un‚Ä¶ https://t.co/mtTpoDWrcq",2018-05-23 09:59:37
459,999226613962244096,RT @desmusea: Y recuerda que puedes cotillear üòèy descargar üë† nuestro recorrido #museodesbloqueado en el que recorremos la colecci√≥n del @mu‚Ä¶,2018-05-23 09:52:44
460,999194021665878016,"RT @TodasGamers: Sobre el di√°logo y la equidistancia
üîóhttps://t.co/s7A4kFLhnA https://t.co/RrrJWEyROn",2018-05-23 07:43:13
461,998523402624348162,RT @pikaramagazine: AN√ÅLISIS | ¬øQu√© implica que #Iberdrola patrocine el f√∫tbol femenino? Escribe @desplazados_org @LigaIberdrola https://t.‚Ä¶,2018-05-21 11:18:25
462,998523210382667776,"¬øEn qu√© condiciones laborales trabaja un #rider de #Deliveroo üö¥üö¥‚Äç‚ôÄÔ∏è?  
Reportaje de @sinfiltros_com visibiliza la p‚Ä¶ https://t.co/yGdQSK3QuY",2018-05-21 11:17:39
463,998522181272383493,Interesante escuchar a @LaFallaras en @NCINoticias hablando sobre #MemoriaHist√≥rica ‚è∞: ¬´En Espa√±a no hay una fosa c‚Ä¶ https://t.co/A64aAy2XOp,2018-05-21 11:13:34
464,997181297285005314,"RT @FonsiLoaiza: Sandra S√°nchez es la mejor karateca de la historia, empez√≥ con 4 a√±os a practicar k√°rate, nunca ha tenido un sueldo y hast‚Ä¶",2018-05-17 18:25:22
465,993865886065885184,RT @NCINoticias: La escritora y profesora Anna Freixas reflexiona sobre la er√≥tica y la libertad femenina en la madurez en su libro #SinReg‚Ä¶,2018-05-08 14:51:07
466,993734754464862208,üìö'Microf√≠sica sexista del poder': Una revisi√≥n critica sobre el relato medi√°tico #sexista que acompa√±√≥ al conocido‚Ä¶ https://t.co/alNOLQt7Cp,2018-05-08 06:10:02
467,993733388187176960,Yo en la vida. https://t.co/ze6ucUePwD,2018-05-08 06:04:37
468,993732989703114752,RT @TerebiMagazine: ¬øConoc√©is a @tindriel? ¬°Es nuestra nueva colaboradora y se estrena esta semanita con un textazo sobre Monkey Island! ¬°Q‚Ä¶,2018-05-08 06:03:02
469,993732619882950656,"RT @Principia_io: Es un d√≠a muy especial para nosotros, pues #TalDiaComoHoy de 2015 nac√≠a Principia Magazine con la espectacular portada de‚Ä¶",2018-05-08 06:01:33
470,993732466824359936,"RT @GinaTost: Eso que nadie lee: T√©rminos y condiciones de Whatsapp, Google, Tinder, Twitter, Facebook, Snapchat e Instagram. https://t.co/‚Ä¶",2018-05-08 06:00:57
471,991651196116094977,"RT @MomentsES: ‚ö°Ô∏è Los estudiantes creen que la medida m√°s efectiva contra el #AcosoEscolar es la uni√≥n entre compa√±eros üí™
https://t.co/KUuC‚Ä¶",2018-05-02 12:10:43
472,991302272142446592,"RT @SangreFucsia: 'Siempre Estuvimos Aqu√≠, Siempre Fuimos Guerreras'
Este interesante proyecto se pregunta sobre el papel de las mujeres en‚Ä¶",2018-05-01 13:04:13
473,990861323851399169,"Reportaje sobre las #YPJ, unas unidades militares #feministas de protecci√≥n civil formadas por mujeres kurdas. https://t.co/A9Qi7gtbM1",2018-04-30 07:52:03
474,990859369150603265,Reportaje sobre la iniciativa @NiUnaMenosPeru. La portavoz del colectivo explica el trabajo y lucha de las compa√±er‚Ä¶ https://t.co/Er3WibLjYd,2018-04-30 07:44:17
475,989211340349870081,"RT @SangreFucsia: ¬øQuieres echar un ojo a la Muestra Mostra: Archivo de fanzines hechos por trans, lesbianas, mujers, marikas y cuir en Am√©‚Ä¶",2018-04-25 18:35:36
476,989210316050493441,RT @GuidoBCor: Ojal√° tener yo esa energ√≠a cuando llegue a su edad https://t.co/Dx3LJwcqo7,2018-04-25 18:31:32
477,989209288852852739,"RT @DavidSuarez_V: 8:30 AM.
8:31 AM.
8:32 AM.
8:33 AM.
8:34 AM.
8:35 AM.
8:36 AM.
8:37 AM.
8:38 AM.
8:39 AM.
8:40 AM.

Las alarmas de un pu‚Ä¶",2018-04-25 18:27:27
478,989209187682062337,"RT @fray_fanatic: - Porque el precio de vuestras palomitas es un robo. 

- Porque sabemos que legalmente no ten√©is derecho a impedir la ent‚Ä¶",2018-04-25 18:27:03
479,989208952834592769,"RT @fred_SSC: el chocolate de verdad, el cemento, cualquier is√≥topo radioactivo que te quite el sabor de boca del chocolate blanco... https‚Ä¶",2018-04-25 18:26:07
480,983738844892852224,RT @La_Nigromante: Este 8 de marzo escrib√≠ para Ludosof√≠a sobre mujeres y videojuegos. Hablo sobre la importancia de iniciativas como @Toda‚Ä¶,2018-04-10 16:09:52
481,981842514708783104,RT @macaballeroma: El d√≠a 11 de abril tenemos una cita para hablar de mujeres y periodismo. Ven√≠os. https://t.co/CezU4SUP5T,2018-04-05 10:34:31
482,981842413651218433,"RT @Feminismos_: A  muchos les sorprender√≠a saber que 'las feministas de antes' tambi√©n luchaban contra el piropo (acoso) callejero. 
La Vo‚Ä¶",2018-04-05 10:34:07
483,976370801627811840,RT @NCINoticias: La importancia de incorporar el enfoque de g√©nero al #periodismo. Un tema que analizamos la pr√≥xima semana en NCI Cultura‚Ä¶,2018-03-21 08:11:53
484,971790684297494528,"RT @NCINoticias: #DiaDeLaMujer
La Librer√≠a Mujeres (@Lib_Mujeres) cumple 40 a√±os de historia: 
¬´En su momento se reun√≠an clandestinamente m‚Ä¶",2018-03-08 16:52:08
485,971790623819862016,"RT @NCINoticias: #D√≠aDeLaMujer
23 mujeres se unen para escribir @witsstories. Un libro con el que narran su experiencia trabajando en el se‚Ä¶",2018-03-08 16:51:54
486,971677598236467200,"RT @feminicidio: Hoy, a las 19 horas nos concentramos en Atocha para marchar juntas por el #D√≠aDeLaMujer en #Madrid. Nos acompa√±ar√°n millon‚Ä¶",2018-03-08 09:22:46
487,971677190906671105,"RT @gerardotc: Hoy, los que estamos en CTXT trabajamos para que las que est√°n en CTXT puedan parar. Intentaremos contar dos cosas: la huelg‚Ä¶",2018-03-08 09:21:09
488,971677082072870912,"RT @TodasGamers: Y a las que s√≠ la hag√°is ya sab√©is: cuidaos en las manis, tened cuidado y ayudad a las compa√±eras trans, no las dej√©is sol‚Ä¶",2018-03-08 09:20:43
489,969906213638098944,"RT @TodasGamers: Final Fantasy XV y la bisexualidad accidental
üîóhttps://t.co/ZTY7bvqNZP https://t.co/HSrrrmqxA3",2018-03-03 12:03:55
490,969905801447051265,"RT @TodasGamers: El derecho a jugar mal
üîóhttps://t.co/sU1yPLwoRc https://t.co/0kVVZYIiuh",2018-03-03 12:02:17
491,966557232669364224,RT @Fash_RevSpain: 5 a√±os desde el derrumbe de Rana Plaza. La globalizaci√≥n de la moda y la competencia con las marcas dominantes cada vez‚Ä¶,2018-02-22 06:16:16
492,966557204391301120,"RT @TodasGamers: Queda muy poquito tiempo para que empiece nuestra segunda game jam online, la #Todasjammers, ¬øos hab√©is apuntado ya? Ten√©i‚Ä¶",2018-02-22 06:16:09
493,966198632444841984,RT @TerebiMagazine: ¬øEscribes sobre videojuegos? ¬øTe gustar√≠a pertenecer al equipo de Terebi Magazine o simplemente publicar de manera espo‚Ä¶,2018-02-21 06:31:19
494,965835416522936321,"RT @TodasGamers: Ya est√° aqu√≠, ya lleg√≥, nuestra game jam ya volvi√≥. ¬øOs est√°is apuntando masivamente ya a hacer videojueguitos para la seg‚Ä¶",2018-02-20 06:28:02
495,965833684577333248,RT @apimIlustracion: Pedimos la liberaci√≥n para el Ilustrador y #HumoristaGr√°fico #RamonEsono encarcelado injustamente en #GuineaEcuatorial‚Ä¶,2018-02-20 06:21:09
496,965833515601420288,RT @itslopezz: OEIEOWOWOS I CAN GO TO SLEEP NOW WEw https://t.co/DSq8VzjeT5,2018-02-20 06:20:29
497,965832673351684101,"RT @TodasGamers: Los hombres que no empatizaban con las mujeres
üîóhttps://t.co/UWkgfeAiqs https://t.co/zAKEdOvSGD",2018-02-20 06:17:08
498,963663871880912897,RT @itslopezz: it‚Äôs been a rough day I hope tomorrow gets better https://t.co/7bc5tyZQ4V,2018-02-14 06:39:05
499,963663518779301889,Sobre √©tica y redes sociales. https://t.co/iBIeG2qTsB,2018-02-14 06:37:41
500,963501627226419201,*videojuegos+feminismo debe ser uno de los c√≠rculos del infierno que Dante olvid√≥ incluir en su  Divina Comedia*. F‚Ä¶ https://t.co/317pRQjPxK,2018-02-13 19:54:23
501,963500695889563652,"La cuesti√≥n es si se puede generar una demanda y c√≥mo. El porno mainstream sigue estando en la c√∫spide, a distancia‚Ä¶ https://t.co/1A53BmkJje",2018-02-13 19:50:41
502,963499972019867650,OMFG. https://t.co/rRMMJYik0g,2018-02-13 19:47:48
503,963499716876099584,"RT @Warcraft: Fiercely protective and loyal, Shu-Zen, the Divine Sentinel mount is now available! #YearOfTheDog

üëâ https://t.co/UXfiYcGSv6‚Ä¶",2018-02-13 19:46:48
504,961496098933297152,. https://t.co/zfcYMUKjZe,2018-02-08 07:05:08
505,961495869534109696,"RT @ctxt_es: ""El plan Bolonia supuso la reconversi√≥n de las universidades p√∫blicas en centros de formaci√≥n profesional terciaria para los m‚Ä¶",2018-02-08 07:04:13
506,961495653754040320,RT @RedFeminista: seg√∫n algunos/as decir vagina es tr√°nsfobia... hasta este absurdo hemos llegado ...,2018-02-08 07:03:22
507,961495605716701185,RT @CdItve: Los Consejos de Informativos de RTVE defienden el derecho constitucional al secreto profesional para salvaguardar las fuentes d‚Ä¶,2018-02-08 07:03:10
508,960557343191851008,üíô https://t.co/iPFWEs6rz3,2018-02-05 16:54:51
509,960557093018374146,@Sr_Dios JODER. https://t.co/WK9MMBezas,2018-02-05 16:53:51
510,960556764818280448,RT @JL69: Un madrile√±o cuando ve que #NievaEnMadrid capital https://t.co/Z0J5okS4Dx,2018-02-05 16:52:33
511,960556029263138816,RT @JaviBenedict: Muy guays los posters de Han Solo. https://t.co/9eu8aCDvtR,2018-02-05 16:49:38
512,959145403714174976,"RT @_anapastor_: ‚ÄúLos periodistas no decimos suficientes veces: no lo s√©‚Äù. @hardingthehack en 
#CelebratingJournalism",2018-02-01 19:24:18
513,959145187552395264,"RT @pikaramagazine: Aqu√≠, las cuentas de Pikara Magazine de 2017. https://t.co/rWNqQQXuYs https://t.co/TE4795m3OD",2018-02-01 19:23:27
514,959145089560928258,"RT @MeriStation: Si solo pudieses elegir una, ¬øqu√© saga deber√≠a volver? #Spyro (RT) #DinoCrisis (FAV)

https://t.co/Drcj7zgt8I https://t.co‚Ä¶",2018-02-01 19:23:04
515,958954206098067458,"RT @CIMAcineastas: Este viernes 2 de febrero a las 12h #CIMA estar√° en la presentaci√≥n del libro ""Miradas de mujer: cineastas espa√±olas par‚Ä¶",2018-02-01 06:44:33
516,958952846799630336,"RT @AhoraMadrid: Cari√±o, ilusi√≥n y un distrito, Puente de Vallecas, que se volc√≥ con su #CabalgataDeReyes. Frente a quienes espolean el odi‚Ä¶",2018-02-01 06:39:09
517,958952311308668928,RT @braysefe: Recordad: no entr√©is nunca al Bar Man√° en la Calle Juan Bravo. https://t.co/edDtGMlfJa,2018-02-01 06:37:02
518,958951164774682624,"RT @BuArena: Soy feminista y defiendo que haya un margen de di√°logo entre hombres como Ansari (no como Weinstein) y nosotras, precisamente‚Ä¶",2018-02-01 06:32:28
519,958949578811854849,"RT @vigalondo: Lo que m√°s triste me pone del choque generacional que est√° sufriendo Friends por racista, machista y hom√≥foba es que demuest‚Ä¶",2018-02-01 06:26:10
520,958792193841475584,Cu√°ndo est√°s a oscuras en la ma√±ana y sabes que una luz m√°s intensa que la que desprende Gandalf el blanco te cegar‚Ä¶ https://t.co/WFg0dMujmX,2018-01-31 20:00:47
521,958745095754350593,FAN. https://t.co/Ksd79T5UXx,2018-01-31 16:53:38
522,958744380956868608,"RT @ar_jorge1987: No se de donde sali√≥ esto, pero es increible. https://t.co/nYdK3shPqY",2018-01-31 16:50:47
523,958642717717909504,RT @SangreFucsia: ¬øRecuerdas esas largas tardes en los recreativos de tu barrioüïπ? ¬øHasta d√≥nde estabas dispuesta a llegar con tal de proteg‚Ä¶,2018-01-31 10:06:49
524,958596155738394624,"RT @majortomzin: grammy awards 
1975 https://t.co/QB9BvAJKGj",2018-01-31 07:01:48
525,958350908206837760,"RT @pikaramagazine: Frankenstein, considerada de manera casi un√°nime la primera obra de ciencia ficci√≥n moderna, fue escrita por una mujer‚Ä¶",2018-01-30 14:47:16
526,958063428983250951,RT @Belikeleo_: #ChesterWoman Acaba de decir Leguina que hay que educar a las mujeres para que no se dejen pegar... IGUAL HAY QUE EDUCARNOS‚Ä¶,2018-01-29 19:44:56
527,958063173759840257,"RT @pppua: ""Ha dicho que nunca ha pertenecido a ninguna c√©lula terrorista y no ha sido l√≠der de ninguna. 'Si no pude llegar a hacerme aut√≥n‚Ä¶",2018-01-29 19:43:55
528,958062596678184961,RT @Fash_RevSpain: A√∫n no te has hecho con nuestro fanzine? S√≥lo nos queda por vender menos de 100 ejemplares! #LovedClothesLast https://t.‚Ä¶,2018-01-29 19:41:37
529,958061658403897350,@Fash_RevSpain  https://t.co/W7zDZyHb3T,2018-01-29 19:37:53
530,958061296661991424,RT @Fash_RevSpain: ARTISTAS E ILUSTRADOR√ÜS de TODO EL MUNDO! Imagin√°is c√≥mo ser√≠a la industria de la moda sin explotaci√≥n laboral o sin imp‚Ä¶,2018-01-29 19:36:27
531,958060484820918273,"RT @pikaramagazine: Pues nada, que nosotras tambi√©n hemos sucumbido a la fiebre de #OperacionTriunfo üé§. Repasamos los momentos de subid√≥n f‚Ä¶",2018-01-29 19:33:14
532,958060439652401153,RT @3djuegos: Final Fantasy XV: Pocket Edition llega el 9 de febrero a iOS  https://t.co/bheKp2i4mM,2018-01-29 19:33:03
533,957861590556135424,"RT @MeriStation: No te pierdas el primer tr√°iler de Hyrule Warriors en Nintendo Switch
https://t.co/KgRy9nXh74",2018-01-29 06:22:54
534,956674230636163072,@3djuegos  https://t.co/JatVKEkl7l,2018-01-25 23:44:45
535,956673974687199232,RT @3djuegos: Monster Hunter World inicia ma√±ana su colaboraci√≥n con Horizon #MonsterHunterWorld https://t.co/X5IoaIILFN,2018-01-25 23:43:44
536,956570718652780544,RT @Principia_io: ¬´Las astr√≥nomas de Harvard¬ª https://t.co/B9XoPWypzi Un texto muy interesante en estos d√≠as que se acerca el @11defebreroE‚Ä¶,2018-01-25 16:53:26
537,956570609454075904,@TodasGamers  https://t.co/x2nG01eAIj,2018-01-25 16:53:00
538,956570516101517312,RT @TodasGamers: ¬øQu√© calamidades tienen que pasar las pobres personas que juegan support y por qu√© se deber√≠a alabar m√°s a menudo su dura‚Ä¶,2018-01-25 16:52:37
539,956570410291814400,RT @ESDIP: ¬°Esta tarde el ya tradicional BeerWorking &amp; Illustration de la mano de @MonstersPit ! ¬øOs apunt√°is? Hoy a partir de las 19h en @‚Ä¶,2018-01-25 16:52:12
540,955341961896124418,"RT @actoresnegros: #NoEsPa√≠sParaNegras sigue en cartel todos los viernes hasta el 23 de febrero, a las 20h en @OFFLatinaTeatro. Para quiene‚Ä¶",2018-01-22 07:30:47
541,953209240403005441,"RT @meganganz: Here‚Äôs a weird one for you: Last week, I called out my former boss @danharmon for sexual harassment, and today I‚Äôm going to‚Ä¶",2018-01-16 10:16:07
542,953207191443591169,RT @NCINoticias: ¬øSe pueden convertir los deberes en un videojuego? El RPG #LaTorreDeSalfum√°n es un proyecto de #Gamificaci√≥n en el aula im‚Ä¶,2018-01-16 10:07:58
543,948975721690562562,RT @videojuegosAEVI: Historia y #videojuegos: un t√°ndem narrativo cada vez m√°s consolidado en la industria https://t.co/C7LqzzMncq v√≠a @Por‚Ä¶,2018-01-04 17:53:37
544,948975225437376513,"RT @femiagenda_mad: [Madrid]
Exposici√≥n itinerante erradiquemos la Mutilaci√≥n Genital Femenina @MujeresIgualdad
Diciembre y Enero en @centr‚Ä¶",2018-01-04 17:51:39
545,948973342266097666,"RT @pikaramagazine: El ej√©rcito israel√≠ ha liberado a Tamal Tamimi, activista palestina detenida junto con sus familiares Nariman, Nour, Ah‚Ä¶",2018-01-04 17:44:10
546,948972703238803457,"RT @Hobby_Consolas: Ya hay una teor√≠a fan que explica el ""pol√©mico"" comportamiento de Luke Skywalker en Los √∫ltimos Jedi https://t.co/RC4EP‚Ä¶",2018-01-04 17:41:38
547,948970959041712128,@Principia_io JO - DER.,2018-01-04 17:34:42
548,948970320538619905,"RT @MeriStation: ¬øPor qu√© el Gobierno le da la espalda al desarrollo de videojuegos?
https://t.co/KkFIM2vyl4",2018-01-04 17:32:10
549,948221271824838657,"RT @NCINoticias: Lo m√°s visto en 2017:
Pamela Palenciano (@Nosolopam) denuncia los modelos de amor rom√°ntico machistas en 'No solo duelen l‚Ä¶",2018-01-02 15:55:42
550,948167564982734848,Drag Queens en la cabalgata de Reyes Magos de Vallecas üíú. https://t.co/zUW13VdkTY,2018-01-02 12:22:18
551,946535492757217280,"RT @pppua: Propongo juego para Nochebuena:
""¬øY el novio?"": un chupito
""Es que los catalanes"": dos chupitos
""Es que las feminazis"": dos chup‚Ä¶",2017-12-29 00:17:01
552,942815034140487681,"@MeriStation H Y P E 
Y
P
E",2017-12-18 17:53:15
553,942814952380948480,"RT @MeriStation: ¬°Confirmado por Aonuma! NUEVO The Legend of Zelda en DESARROLLO
https://t.co/55tBwMnOl8 https://t.co/z7ReGKDBVw",2017-12-18 17:52:55
554,940978698869792768,@aboutnurselife üòÇüòÇ,2017-12-13 16:16:19
555,940668598804205568,RT @mujerderechoTIC: Tuiteras y tuiteros toman la iniciativa de corregir titulares mis√≥genos y machistas. Te invitamos a ver sus correccion‚Ä¶,2017-12-12 19:44:05
556,938698160096120832,"RT @lauriellemaven: Situaci√≥n: un videojuego saca un personaje ultra sexualizado. Un pu√±ado de se√±ores dicen que ""no est√° sexualizado porqu‚Ä¶",2017-12-07 09:14:16
557,934443294540607488,"RT @AlfaBetaJuega: ¬°Qu√© PASADA! 

As√≠ ser√≠a Dark Souls si contase con el apartado art√≠stico de Cuphead

https://t.co/6Fry3qQpWZ https://t.c‚Ä¶",2017-11-25 15:26:57
558,933720124590297090,"RT @TaboadaLucia: Por favor, que de un paso al frente la persona que siempre se sorprende con los looks de Letizia: https://t.co/YmuLtVZXgO",2017-11-23 15:33:20
559,933357354325807104,RT @Outside_the_Vox: All must serve the one... true... King...  #WorldOfWarcraft  #HotS https://t.co/TIUUI7KEPg,2017-11-22 15:31:48
560,933288255516282880,"@TodasGamers Muy interesante. He conocido mucha gente que se averg√ºenza de ""reconocer"" que juega a los SIMS. Sobre‚Ä¶ https://t.co/8u36lW1GGy",2017-11-22 10:57:14
561,932948506263937025,"RT @PaluVelasco: Compa√±eras, ¬øos un√≠s a esta aventura? ¬°La reflexi√≥n sobre los videojuegos ser√° feminista o no ser√°! #cfp Ideolog√≠a y Video‚Ä¶",2017-11-21 12:27:11
562,932947231937875970,"@AlfaBetaJuega Oh s√≠, por dios s√≠. https://t.co/nWud2XFW45",2017-11-21 12:22:08
563,932179698674671616,@Kiu_Kiratsu @RetroGamesTM Legend of Legaia fue el juego de mi infancia :3 +1000000000,2017-11-19 09:32:13
564,932179282121633792,"@TodasGamers No me pica, me mata!! D:",2017-11-19 09:30:34
565,930717099722530817,@AlfaBetaJuega ¬øNo ser√° el que Thor perdi√≥ en Ragnarok? üòÇ https://t.co/LNHRdEwWrG,2017-11-15 08:40:23
566,930445471721644032,@GinaTost Un ilustrador sin caf√©.,2017-11-14 14:41:01
567,930380480326918144,"@TodasGamers Llego tarde, pero me mata este t√≠tulo que le hab√©is puesto al podcast üñ§ https://t.co/zSMffEedEI",2017-11-14 10:22:46
568,930318455433252865,RT @TodasGamers: ¬øA qu√© situaciones nos vemos expuestas las mujeres en plataformas de streaming como Twitch por el mero hecho de ser mujere‚Ä¶,2017-11-14 06:16:18
569,930003808326995968,Me da que Noctis hace un cameo en Tekken 7 para dar apoyo a los fans que continuamos a la espera del Soul Calibur 6‚Ä¶ https://t.co/cJGVQGpP7J,2017-11-13 09:26:01
