id,created_at,text
1133917788676927489,2019-05-30 02:07:22,"RT @HarvardBiz: Israel, Switzerland, and Belgium rank highest in tech skills, according to research by Coursera. https://t.co/e2kx48msIm"
1133901595404455936,2019-05-30 01:03:01,So you love #data? Believe in the power of #education? Are stoked about @coursera's mission to scale access to life‚Ä¶ https://t.co/i7AoaXINZI
1133525907312861185,2019-05-29 00:10:10,"RT @coursera: A deep dive on the results from the Global Skills Index by our own @emilygsands and @vinod_b, featured in @HarvardBiz https:/‚Ä¶"
1121809928056741888,2019-04-26 16:15:03,RT @lkatz42: My brief remembrance of my dear friend and long-term collaborator Alan Krueger @Alan_Krueger and his amazing work and influenc‚Ä¶
1115394244250820608,2019-04-08 23:21:25,RT @DeVaneyGoBlue: Great panel on #ArtificialIntelligence potential to transform education explores role of #privacy and #transparency #asu‚Ä¶
1115394185350139905,2019-04-08 23:21:11,"RT @adorasv: ""We have to turn around credentials. As long as people are screened based on their school or past employer, we aren‚Äôt going to‚Ä¶"
1111287146717962241,2019-03-28 15:21:17,RT @lkatz42: The amazing and brilliant @PikaGoldin (aka Claudia Goldin) wins the BBVA Frontiers of Knowledge Award in Economics! https://t.‚Ä¶
1110195489201225733,2019-03-25 15:03:25,RT @annkirschner: Attending ASU GSV Summit?  Join my all-star panel w/ @drjspitz &amp; @emilygsands &amp; @Kelauni_J &amp; Colleen Lewis offering solut‚Ä¶
1108917411489566720,2019-03-22 02:24:48,"RT @WiDS_Conference: Video: #WiDS2019 Career Panel moderated by @margootjeg of @stanford. 

Panelists:
@QuietStormnat, @brighthiveio  
@Mar‚Ä¶"
1108012617501569026,2019-03-19 14:29:28,"RT @jeffkearns: U.S. trails Europe in technology and data-science skills, according to a new study of user data by @Coursera and @emilygsan‚Ä¶"
1103532623203168256,2019-03-07 05:47:34,Inspiring day! Talking #AI for #education w/ @drfeifei &amp; @aaker‚Äôs fascinating ‚ÄòDesigning AI for Wellbeing‚Äô class at‚Ä¶ https://t.co/pg0G9IP7O4
1103527748000112646,2019-03-07 05:28:12,RT @mitra_akh: Amazing turnout at #widssfairbnb @AirbnbData. Thank you @emilygsands for giving our keynote. https://t.co/TCMmZLBhzW
1103527734146297857,2019-03-07 05:28:09,"RT @azades: @elenatej and @emilygsands discuss about challenges of #datascience and @ML in #coursera and #airbnb. #WomenInTech
#WomenInData‚Ä¶"
1103527700839297024,2019-03-07 05:28:01,RT @roshni__b: The #impostersyndrome is real and how to deal with it; by @elenatej @emilygsands at @AirbnbData #WiDS2019 https://t.co/RLQN0‚Ä¶
1103527632228909056,2019-03-07 05:27:44,"RT @elenatej: Women in data science event at Airbnb tonight on career paths in data science, starting with terrific talk by @emilygsands .‚Ä¶"
1103527625656422400,2019-03-07 05:27:43,RT @PriyaVenkat01: Emphasizing the link between data science work and societal impact can help attract and retain women in data science job‚Ä¶
1102790500036165633,2019-03-05 04:38:38,And that's a wrap on #WiDS2019 at @Stanford--what a movement! I left inspired to keep learning &amp; exploring. If you‚Ä¶ https://t.co/zvxVn43ia7
1102725170811174912,2019-03-05 00:19:03,RT @mmlee: Livestreaming now: tune in to the Women in Data Science #WiDS2019 career panel! https://t.co/Mk0BnIXRQo https://t.co/UWXX2vFwCR
1102724919270420481,2019-03-05 00:18:03,RT @SamiaHaimoura: It is much more important what challenges we're tackling than how perfectly we're tackling them. ~ Emily Sanda (Head of‚Ä¶
1102723859193577473,2019-03-05 00:13:50,RT @WiDS_Conference: What's your biggest takeaway from the #WiDS2019 Career Panel? @margootjeg @YinglianXie @QuietStormnat @emilygsands @Ma‚Ä¶
1102723546608889857,2019-03-05 00:12:35,"RT @artistjaneadams: ""I joined @coursera not to be a data scientist, but to make data useful and improve access to education"" - @emilygsand‚Ä¶"
1102723475846836224,2019-03-05 00:12:18,"RT @artistjaneadams: How do folks entering data science chart a career path? @emilygsands says you need: 1. Strong foundations, 2. A growth‚Ä¶"
1102723385136603136,2019-03-05 00:11:57,"RT @slbergquist: @emilygsands on what she wishes she knew before starting her job at @coursera: ""what challenges we tackle is more importan‚Ä¶"
1102723340676919298,2019-03-05 00:11:46,"RT @ninaignite: @WiDS_Conference understand the value you bring, your passion and seek opportunities to build the skills you need to pursue‚Ä¶"
1102723319869059072,2019-03-05 00:11:41,RT @MayaMidzik: ‚Å¶@emilygsands‚Å© &amp; ‚Å¶@margootjeg‚Å© on disparities in background experience and ‚Å¶outcomes‚Å© ‚Äújust because you‚Äôre a little behind‚Ä¶
1102663995566153729,2019-03-04 20:15:57,Only at @WiDS_Conference - men‚Äôs room transformed to women‚Äôs room to accommodate the all the fabulous female attend‚Ä¶ https://t.co/k40GraiIAZ
1101499400612794368,2019-03-01 15:08:16,"It's March! Join me in the celebration of #InternationalWomensDay &amp; women in #DataScience everywhere:
-‚Ä¶ https://t.co/FlndM5Hoh9"
1094098403900846080,2019-02-09 04:59:21,@carolinedclark @NewsHour ‚ù§Ô∏è‚ù§Ô∏è‚ù§Ô∏è
1094098280705716224,2019-02-09 04:58:52,RT @carolinedclark: Super cool experience being interviewed by @NewsHour! For full episode: https://t.co/bwij9rint9 https://t.co/u5Fw8RfMqg
1089976915253837824,2019-01-28 20:02:02,@coursera And today is the first day of her internship on the #DataScience team @coursera!
1089954762437447683,2019-01-28 18:34:00,"Thrilled to open this critical new role at @coursera - Director of #DataScience, #MachineLearning. Lead a world-cla‚Ä¶ https://t.co/dqhNt8IbTS"
1089014213945679872,2019-01-26 04:16:36,.@coursera's 'Skills Benchmarking empowers companies to reward talent for their demonstrated skills. @Adobe has use‚Ä¶ https://t.co/RLWNr3MSkt
1088998706303578112,2019-01-26 03:14:58,@leslysandra Thank you for reading! #womenintech #techforwomen :)
1088998471523127296,2019-01-26 03:14:02,"So pumped for #WiDS2019 -- most inspiring #datascience conference, and an unparalleled mission and community. Join‚Ä¶ https://t.co/CDGDgbWA9N"
1088826803144122368,2019-01-25 15:51:53,"RT @PathFWD: ""This is the future."" @Cloudflare co-founder Michelle Zatlyn shares the benefits Path Forward's returnships bring to both care‚Ä¶"
1087724557408952320,2019-01-22 14:51:58,The public &amp; private sectors come together to prepare for the #futureofwork and build new foundations for‚Ä¶ https://t.co/H8UfaaNovO
1087569438189150208,2019-01-22 04:35:34,Pumped for @StartupGrind's #SGGlobal Conference. I'll be talking about how #ML is powering high-quality #learning a‚Ä¶ https://t.co/3sj0vVuPDU
1059897303018827776,2018-11-06 19:56:23,"Fun morning! On a non-work note, immediately wanted to become besties with @Selina_y_wang -- brilliant human, brigh‚Ä¶ https://t.co/hVjDPunKOl"
1059459095982309377,2018-11-05 14:55:06,Experiments are too often used exclusively to measure small changes. When designed well they allow us to measure th‚Ä¶ https://t.co/WJP9C6rsYr
1057663478104711168,2018-10-31 15:59:58,"To build great data products: emphasize cross-functional collaboration, evaluate and prioritize with an eye to the‚Ä¶ https://t.co/Sv33RVoavs"
1052329398542589952,2018-10-16 22:44:14,Curious what's brewing in #edtech land? @susanadamsnyc artfully summarizes @coursera's multi-sided platform and bus‚Ä¶ https://t.co/MPYMYzEnZY
1042066447910952961,2018-09-18 15:02:56,@jim_savage_ @coursera .@jim_savage_ employers use @coursera learning signals to understand &amp; deploy INTERNAL talen‚Ä¶ https://t.co/CPZOzyL0qA
1042038057208139776,2018-09-18 13:10:07,The scale (and data exhaust!) of @coursera's platform model unlocks a whole set of opportunities to drive learner s‚Ä¶ https://t.co/ZmNyT2PiH7
1033918921928105984,2018-08-27 03:27:34,RT @HarvardHBS: In many ways we are only now beginning to unlock the potential of #digital as a powerful tool to advance learning. This mon‚Ä¶
1031543248731271168,2018-08-20 14:07:30,@dhexonian @dhexonian it wasn't recorded AFAIK but you might check out our blog post for detailed coverage of relat‚Ä¶ https://t.co/xTQUDK4MKp
1030501653529546752,2018-08-17 17:08:34,Companies are paying employees to learn on @coursera. Suggests firms see productivity returns from general training‚Ä¶ https://t.co/pUCFrCYX3C
1030214173160919040,2018-08-16 22:06:13,RT @digHBS: We're only now beginning to unlock the potential of #digital as a tool to advance learning. Check out our August edition on the‚Ä¶
1029543392475107329,2018-08-15 01:40:47,#DeepLearning to intervene where it counts -- how our machine learning feedback loops personalize and optimize‚Ä¶ https://t.co/tXWcKpj0W5
1027769025072263169,2018-08-10 04:10:05,@AndrewYNg @coursera We're only scratching the surface of how the scale -- and data -- unlocked by the online mediu‚Ä¶ https://t.co/krcWeX1jbt
1027768844889321474,2018-08-10 04:09:22,"RT @AndrewYNg: We need to build a better educated world, and I'm excited about the role that AI is playing in helping companies and individ‚Ä¶"
1027346202512130053,2018-08-09 00:09:56,"GO BLUE! Faculty, students, and alumni @UMich will now have unlimited access to all @UMich courses and certificates‚Ä¶ https://t.co/bslLQ8gAQY"
1026857054214868993,2018-08-07 15:46:14,"Powered by #MachineLearning, @coursera's Skills Benchmarking shows companies how their talent stacks up to industry‚Ä¶ https://t.co/M9TPLJYZzw"
1024487520451538944,2018-08-01 02:50:33,"RT @Susan_Athey: My latest paper introduces local linear forests!  Rina Friedberg, Julie Tibshirani, myself, and Stefan Wager.  Improves on‚Ä¶"
1022161153403699200,2018-07-25 16:46:24,"Masters in CS, from an Ivy, for those without a CS undergrad, fully online, &amp; just $25k? That's one big step toward‚Ä¶ https://t.co/SxDcqhRpN7"
1017799423588368385,2018-07-13 15:54:27,Real progress motivated by ‚Å¶@Alan_Krueger‚Å© and Ashenfelter‚Äôs findings. Grateful for your relentless efforts uncover‚Ä¶ https://t.co/rwwN6pKw3m
1016689701422415873,2018-07-10 14:24:48,".@coursera's Skills Graph algos link learners, courses, and careers--all through a common skills currency--, unlock‚Ä¶ https://t.co/8ke6COWy6b"
1016419503704440832,2018-07-09 20:31:08,RT @kdnuggets: Automated coaching ‚Äì How @Coursera uses #MachineLearning to help students https://t.co/Ks8UBnXEJ5 https://t.co/m3U5tcv0JF
1016419457944547328,2018-07-09 20:30:57,RT @kdnuggets: .@Coursera #MachineLearning algorithms predict key drop-off points and mentally prepare learners for the challenge by encour‚Ä¶
1016419364847812608,2018-07-09 20:30:35,RT @kdnuggets: Using #MachineLearning to help close the gender gap in STEM - @Coursera found that providing targeted review material to str‚Ä¶
1014950269283516417,2018-07-05 19:12:55,RT @jim_savage_: @mosesoperandi @jodiecongirl @fledglingStat I dunno. There are some great ways to eek out tighter estimates from A/B tests‚Ä¶
1012205445157515265,2018-06-28 05:25:58,@jenny_wen @coursera miss you @jenny_wen! &lt;3
1011811698368438273,2018-06-27 03:21:22,"Bad news: Female learners are more likely to drop a course after receiving a low score on an early assignment, wide‚Ä¶ https://t.co/9stpGC0zks"
1008846835052523520,2018-06-18 23:00:03,"How we're building #data sharing, reporting, and insights for @coursera's university and industry content partners‚Ä¶ https://t.co/x1UHMnhRgc"
1007462207175573505,2018-06-15 03:18:02,.@Saber_Metrics on @Coursera‚Äôs instructor-facing #abtesting tools ‚Äî unlocking pedagogical experimentation for profe‚Ä¶ https://t.co/nXPFu0aZwk
1005876095294435328,2018-06-10 18:15:24,"RT @gsands: I am so excited about the real-world business problems we can solve with #AI. In ""What the $%&amp;* is Applied AI?"" I talk about th‚Ä¶"
1004779260094046208,2018-06-07 17:36:58,"Using #Data to Power #Education. Proud of the @coursera team's work and impact for learners, and loved sharing piec‚Ä¶ https://t.co/DmlFzpS27j"
1004011624837992448,2018-06-05 14:46:39,@jim_savage_ Can do double ML or even the (much) simpler double selection. Applied overview by @dsgilchrist and I a‚Ä¶ https://t.co/y7niidjjzB
1003827466006290433,2018-06-05 02:34:52,.@coursera's Alan Hickey on the algorithms that guide and motive our 33M+ learners #DataScience #MachineLearning‚Ä¶ https://t.co/T4kQSOkzNE
998934961276108800,2018-05-22 14:33:48,RT @coursera: The @GS10KWomen initiative fosters economic growth by providing women entrepreneurs around the world with business management‚Ä¶
992935402573938689,2018-05-06 01:13:42,"Call for Papers: ICDM 2018, Data Mining for eLearning Personalization. We welcome submissions in all areas of data‚Ä¶ https://t.co/0zMNQmsFlu"
982443687526445057,2018-04-07 02:23:22,Loved every minute and every person of #FutureAssembly @HarvardHBS. Industry+Academia inspiration. #diginHBS https://t.co/lqEtm51zRx
972197288004104192,2018-03-09 19:47:50,"Join us Wednesday evening at @coursera HQ to hear about Data Science for Learning from our very own, plus leaders a‚Ä¶ https://t.co/G5H10ggsD6"
971504377654476800,2018-03-07 21:54:27,.@MultiMediaTales we've loved sharing our data latest and hearing your feedback! Looking forward to continuing to p‚Ä¶ https://t.co/3SJMMQ1YBR
969327969561817088,2018-03-01 21:46:11,&lt;3 working at a company emboldening tens of millions of learners globally with career-transforming skills. And spre‚Ä¶ https://t.co/WsbFYRvi3I
953308747492814848,2018-01-16 16:51:31,Now live on @coursera! Innovative training program with @Google to prepare Americans for careers in the fast-growin‚Ä¶ https://t.co/odGaLejSfI
947516254163632128,2017-12-31 17:14:13,#MachineLearning Meets Instrumental Variables - New post with @dsgilchrist on how to leverage those old AB results‚Ä¶ https://t.co/LPnCsBoNFi
939230485384904704,2017-12-08 20:29:32,"RT @Quora: How can we increase the number of women in STEM fields? Answer by @emilygsands, Head of Data Science at @coursera https://t.co/l‚Ä¶"
939229928582606848,2017-12-08 20:27:19,RT @dsgilchrist: My post with @emilygsands on #CausalInference and #ABTesting picking up coverage in @kdnuggets! #DataScience #Analytics ht‚Ä¶
936112775243243520,2017-11-30 06:00:52,"RT @jnwng: woohoo! @bryanskane and @_lewisf straight from #reInvent showing off what we've learned about site performance, reliability, and‚Ä¶"
935168327739088896,2017-11-27 15:27:58,"New post w/ @dsgilchrist: How to use #MachineLearning to accelerate AB testing (and causal inference generally)

https://t.co/y2PmVGnP1B"
932994893646925825,2017-11-21 15:31:31,"""If SV is all about flash and brash these days, the mild-mannered @gsands sticks out (...) @costanoavc has strong c‚Ä¶ https://t.co/402rR2QXx2"
932118997063024642,2017-11-19 05:31:01,@jrnewww @dsgilchrist @jrnewww love your Saturday night style üòò
931968728899600384,2017-11-18 19:33:54,"More fun with @dsgilchrist - new series on machine learning for causal inference

Part 1: ML for Decision Making
Pa‚Ä¶ https://t.co/FoNSjSDyvZ"
920115516198367233,2017-10-17 02:33:28,"RT @paulgp: Hi all, I just posted a new paper on gender representation in Econ using 16 years of data from the NBER Summer Institute (w/ A.‚Ä¶"
918298372619956224,2017-10-12 02:12:47,"You've always been ""old-school cool"" to me, @gsands. Congrats on building amazing foundations across the board. https://t.co/eD0Vwex3NA"
908760719679561728,2017-09-15 18:33:34,Congrats @gsands and the whole team! Always building! https://t.co/B3H5eClNlC
904906599667572736,2017-09-05 03:18:40,@coursera @hadleywickham @TheOfficialACM @GregoryDHorne great idea! Assuming @hadleywickham good with it we'll live‚Ä¶ https://t.co/PJ9eo07DMk
904855344089837569,2017-09-04 23:55:00,Come to @coursera HQ Sept 21 to hear @hadleywickham's vision for Data Science. @TheOfficialACM #rstats RSVP https://t.co/9fpsrp8IDQ
903310608132562944,2017-08-31 17:36:46,"@dsgilchrist dropping knowledge in @harvardbiz, with references to Zoolander &amp; our @JPolEcon network effects paper https://t.co/Ip96Hc604A"
872459499726004224,2017-06-07 14:25:28,"Series D &amp; working hard to get individuals, companies, and governments the training and skills they need https://t.co/tsuIbhU01W @coursera"
858377111651745793,2017-04-29 17:47:05,Data and genuine connections - plus selfies! - with @SheTalksData #womenintech https://t.co/GZhmJbKwgE
847288290751397892,2017-03-30 03:24:05,".@quizlet thank you for bringing us together for such a full, fun, inspiring evening. What a community. Onwards wit‚Ä¶ https://t.co/Fsrp6AXMUQ"
844628393022828544,2017-03-22 19:14:35,RT @costanoavc: We‚Äôve decided to create a summer fellowship to give someone access to the first rung of the VC ladder. Apply here: https://‚Ä¶
841303504052338689,2017-03-13 15:02:40,"RT @AndrewYNg: I often advise people to take on projects you're only 70% qualified for, but then learn like crazy to bridge that 30%."
840042285643489280,2017-03-10 03:31:02,"Insightful read on getting into #datascience from our very own @Saber_Metrics - entertaining, too! @CourseraEng https://t.co/P36NxpVSzw"
839588574617989120,2017-03-08 21:28:09,Powerful reminders on building inclusive learning environments @coursera @courseraeng #InternationalWomensDay https://t.co/8reGjlJ77B
837331186762407936,2017-03-02 15:58:06,this is not good. can online learning help close the gap? https://t.co/OLkARvAmDK
832355934823280640,2017-02-16 22:28:13,"Super proud of our DS and Growth teams for this smart learner feature, and the strong skills-graph foundations!‚Ä¶ https://t.co/MbRN7tLqYL"
828437618886991872,2017-02-06 02:58:14,Powerful movement. Tech for Campaigns is matching skilled volunteers to down-ballot races. Join here: https://t.co/AKWbFKMeLW
827763857548455936,2017-02-04 06:20:57,"Inspiring conference, incredible crew. Couldn't let it end. #afterparty @WiDS_Conference #WiDs2017 https://t.co/iJdL7ejyCJ"
827579447599509504,2017-02-03 18:08:10,'Online learning key given ML advancements displacing some workers &amp; requiring new skills' -DianeGreen SVP Google C‚Ä¶ https://t.co/16jJZt4FcV
827577158876884992,2017-02-03 17:59:04,"RT @rosenbergann: ""Focus on your strengths..  there has never been a better time to be a woman  in Data Science "" @wids_conference @stanfor‚Ä¶"
827565819064262656,2017-02-03 17:14:01,All female speakers and moderators! 'We tried to find a male speaker but just couldn't' üòâ #wids2017‚Ä¶ https://t.co/yWkl39Xfhh
826827233897492480,2017-02-01 16:19:08,"RT @coursera: Diversity in data science: Sourcing, hiring, and growing female talent https://t.co/v5apqwN5V1 via @coursera"
826628569392492544,2017-02-01 03:09:43,#upskilling is getting a bit easier thanks to #crowdsourcing + #datascience @CourseraEng @coursera https://t.co/zq2DfhcLdT #searchengine
822118700039835648,2017-01-19 16:29:06,"Vibrant, inclusive evening of sharing, learning, &amp; community w/ hundreds of current &amp; future #data #scientists‚Ä¶ https://t.co/Q1zhPDR62x"
821369213528875008,2017-01-17 14:50:55,"RT @rsumbaly: If you are working on machine learning infrastructure / products, spend the next hour reading this - https://t.co/7H9lqvhMae"
816526154559459330,2017-01-04 06:06:20,https://t.co/z3mra4nShd
816483841711874048,2017-01-04 03:18:12,Join us for lightning talks on #DataProducts #ABTesting #Career &amp; more by #DataScience women @CourseraEng RSVP goo.‚Ä¶ https://t.co/3hirxVGcSc
808903513640157185,2016-12-14 05:16:41,RT @CourseraEng: Motivated someone to gain new skills. Encouraged an entrepreneur to do it. Gave learners confidence to improve their life.‚Ä¶
807832553897881600,2016-12-11 06:21:04,@logangraham sadly not but happy to connect any time- emily(at)coursera(dot)org
795320470560083969,2016-11-06 17:42:31,RT @gsands: Get out to vote. Everybody. Whether you agree with me on issues or not. It's how we protect and defend our democracy. https://t‚Ä¶
795004636969086976,2016-11-05 20:47:30,@omarshinde wonderful to hear! Keep it up!! #LifelongLearning #LifelongFun üòé
795000121129734144,2016-11-05 20:29:33,Joint work with my favorite @dsgilchrist üòé https://t.co/NDOsivXsj7
794999446773735424,2016-11-05 20:26:53,"RT @SingingData: From @emilygsands excellent talk on causality at #odsc, ML and Econ, better together. https://t.co/CaNJRtUAni"
794998660631318529,2016-11-05 20:23:45,"@Rachel_Rabaey thank you, and thank you for joining!!"
794989275473317888,2016-11-05 19:46:28,Full deck here! https://t.co/A9HLgBAh6J https://t.co/bdG7MagHlg
794924400046850049,2016-11-05 15:28:40,"RT @dataandme: ""Yeah, it's inference, we're just not gonna be all uptight about it..."" (@lucindarhenry1 causal/casual is the üì±-typo bane of‚Ä¶"
793446623560945664,2016-11-01 13:36:31,@dsgilchrist and ungated @ https://t.co/OTImX4O9Ae
793446542564691969,2016-11-01 13:36:11,"Good news! #Referrals not just nepotism- higher #productivity + lower churn, esp working w/referrer. Delta not glea‚Ä¶ https://t.co/QJKO5tthmZ"
793049260161773568,2016-10-31 11:17:32,"@jim_savage_ I suspect price disc / extracting incremental surplus more powerful later stage (larger samples, can win w/ spreadsheet game)"
793048996038049792,2016-10-31 11:16:29,"@jim_savage_ aligning on ""what are we optimizing for over what time period"" and then baking that into optimizations seems value add."
793048712024985600,2016-10-31 11:15:21,"@jim_savage_ in startup context, i see strong intuition around base price; but then uncertainty around how to price test &amp; how to interpret."
793038916244746240,2016-10-31 10:36:26,@jim_savage_  interesting. price disc means knowing (or assuming) heterogeneous demand curves. see last section. what is core delta to you?
792839865591173121,2016-10-30 21:25:28,"Our new how-to post on #pricing - estimate demand, profit, &amp; optimal price in #R @dsgilchrist #economics #data https://t.co/NqgFTnK3ch"
788752167083479040,2016-10-19 14:42:25,"RT @CourseraEng: Hello, #Houston! Coursera is in town for #GHC16 and we'd love to meet you. Come by booth 2942 and learn more about the fut‚Ä¶"
787771070241656832,2016-10-16 21:43:53,"Thanks to @aprilbaer, @OPBWonder, and others for the interview and for continuing the conversation!‚Ä¶ https://t.co/KnbSJzOrJy"
786964263285817344,2016-10-14 16:17:56,@bluemonday dangerous to let it roam wild. Tame the beast.
785309766109147136,2016-10-10 02:43:33,"RT @greenhousenyt: Trump is totally wrong -- or just plain lying -- when he says job growth is a disaster under President Obama.

(chart fr‚Ä¶"
785265624821866496,2016-10-09 23:48:09,I'll be giving a workshop on Causal Inference @odsc Nov 5. Ping me for free pass to 3 full days of #DataScience‚Ä¶ https://t.co/gr1OpEDFLm
784119436428972032,2016-10-06 19:53:36,RT @jillbarshay: Coursera researchers find males give substantially higher grades to females when identity is hidden in peer grading #LWMOO‚Ä¶
784075942247280640,2016-10-06 17:00:46,@cab938 just sent over!
784062510605361152,2016-10-06 16:07:24,"2. W/ social spillovers, ~20% hit throughout movie's run. Network effects local, so sales in other geos unaffected https://t.co/JWkOU4dKX7"
784061769941516289,2016-10-06 16:04:27,"1. A two s.d. decrease in share theaters w/ movie-going weather (among bad events, would be top 2.5%), could drive‚Ä¶ https://t.co/dmwMt0jqC4"
784054737708552193,2016-10-06 15:36:31,@JoshuaSGoodman just shot over our slides. Working paper still to come :)
784053574565109760,2016-10-06 15:31:53,Our research on the effects of instructor and peer gender effects at @LWMOOCs. #LWMOOC3 #STEM #DiversityInTech‚Ä¶ https://t.co/0NO7m9f9oS
784049412158857216,2016-10-06 15:15:21,RT @Profpatrice: #LWMOOC3 learning about MOOCs as an equalizer in the gender gap in STEM https://t.co/wQnSlija2V
783714356760498176,2016-10-05 17:03:58,"RT @jengolbeck: @LReenaers I'm a computer science professor. I've taught a dozen programming classes that use java. I know it, thanks."
783162872280981504,2016-10-04 04:32:33,"Partnership on AI to benefit people and society. Congrats to @rherbrich and colleagues on the launch, and may the w‚Ä¶ https://t.co/LhexquPSKD"
781970963709566976,2016-09-30 21:36:20,Thanks @jrnewww! Lunch at Coursera soon?! https://t.co/VzJ1QNcZHp
781870749346783232,2016-09-30 14:58:07,And we've launched! Huge congrats to @CourseraEng on flexible in-browser coding now on @coursera. https://t.co/ySTIN3opnj #edtech
781205583605080064,2016-09-28 18:54:59,New peer-reviewed pub on #patents &amp; #innovation by @dsgilchrist. @AEAjournals @HarvardEcon https://t.co/9gOziD9JhF
781182815639511040,2016-09-28 17:24:31,Pallais and Goodman measure incrementality of online masters; summary by @nytimes https://t.co/aXP7sEOBj3 @HarvardEcon #edtech
780973413682728961,2016-09-28 03:32:26,#BehavioralEconomics in the wild thanks to @dsgilchrist @Wealthfront https://t.co/MTUNgHmoBU
778769791611920384,2016-09-22 01:36:01,RT @MargRev: Egalitarianism versus Online¬†Education https://t.co/IJJVMUbLi8
778706318479589376,2016-09-21 21:23:48,Great summary of our paper on network effects by @BostonGlobe https://t.co/WkiG9Ca3y1 @dsgilchrist @JPolEcon
777239080149000192,2016-09-17 20:13:31,"Amplification: Woman makes key point. Other women repeat it, giving credit to author. Forces men to recognize the contribution. #womenintech"
776121543323623424,2016-09-14 18:12:50,"Absolutely, @HeleneSchalck. Finding different people definitely extra work - and extra worthwhile"
774731423676665856,2016-09-10 22:08:59,"Six big ideas, all in one place #economics https://t.co/u9qVp9Jc9L"
774466286105473025,2016-09-10 04:35:26,".@_amychang with raw wisdom on walking 1:1's, firing fast, &amp; lady slumber parties @TechCrunch @GreylockVC #DisruptSF https://t.co/kf3QX2PVk5"
774135570142330880,2016-09-09 06:41:17,RT @gsands: Last piece: Giving &amp; Getting. It's so moving to see work of @RenCenterSoMa &amp; accomplishments of its entrepreneurs. https://t.co‚Ä¶
774086827871313920,2016-09-09 03:27:36,RT @TheEconomist: Why leaders should look at their organisations through the introverts‚Äô eyes https://t.co/TMuhnfwKV8 https://t.co/Msus4vPo‚Ä¶
773961821329825796,2016-09-08 19:10:52,Loved participating in last night's panel discussion hosted by @appster! #womenintech #diversityintech https://t.co/Waa27M1Et5
773169745063350272,2016-09-06 14:43:26,"RT @dtunkelang: Regardless of how you feel about Uber, it‚Äôs creating a great laboratory to study how people make economic decisions. https:‚Ä¶"
771853284327825408,2016-09-02 23:32:17,It isn't paint by numbers. Be there before the metrics are fully developed and help put them on the board. - @gsands https://t.co/dCGAgy4Zz7
771507620452511744,2016-09-02 00:38:45,Huge fan of @MargRev. Couldn't be more honored @tylercowen gave our new paper a share. @JPolEcon @dsgilchrist https://t.co/Fsqboz6TTD
771189173625565184,2016-09-01 03:33:21,"3. esp rockstar Jesse Shapiro. But most grateful to/for former coauthor @dsgilchrist, since promoted to husband. https://t.co/4aG9BGawHY"
771188355270791169,2016-09-01 03:30:06,"2. our wonderful economist colleagues for their support in the journey, and to the fine folks at the Journal of Political Economy"
771188255102349313,2016-09-01 03:29:42,"1. ""Something to Talk About: Social Spillovers in Movie Consumption"" is finally out - a few days ahead of print! Super grateful to"
771003292381917184,2016-08-31 15:14:44,And we've launched! @coursera now providing online learning for companies. https://t.co/WCpso379b0
767517064244232192,2016-08-22 00:21:42,"RT @AndrewYNg: Economist says we need better Welfare to solve poverty. Yes, but we need better Education even more. https://t.co/IZCa0AhZjm"
765656064188526593,2016-08-16 21:06:45,Insightful coverage of Intel Analytics Summit via @forbes. Honored to be included in the discussions. https://t.co/lc1kYT2yDI #IDF16
765561043431006208,2016-08-16 14:49:10,RT @Alan_Krueger: Here's a link to my paper with Seth Harris on extending the safety net to gig workers: https://t.co/6nulKFtOt7 https://t.‚Ä¶
765560923037630469,2016-08-16 14:48:42,RT @esimoudis: Looking forward to the #BigData #VC Panel discussion today at #KDD2016 #ADS16. For details see https://t.co/J3PPEWJKtD
765358071497445376,2016-08-16 01:22:38,Engaging debate on the future of DS #IntelAnalytics #IDF16 @coursera @edd @teoliphant @antgoldbloom @ryanorban https://t.co/LPS8JmTfA6
765204456015134720,2016-08-15 15:12:13,"RT @jasonlk: You want a diverse team, not because it's politically correct, but because data shows they make better decisions. https://t.co‚Ä¶"
763176836234739713,2016-08-10 00:55:11,"&gt;50% hires are referred. Why? Signals productivity &amp; retention, plus good teamwork. Thx @JPAL_Global @JPAL_NA for https://t.co/1PCu7ImqkE"
761689384907186176,2016-08-05 22:24:35,I'd love to lament lack of female economists but am too busy lamenting lack of economists. https://t.co/mXeP7uSCoa #ImWithHer
760184552497131522,2016-08-01 18:44:55,Love #datascience? Join for the Analytics Summit @intel. And check our afternoon panel on the future of data sci education. #IDF16 #Intel
760172167321399296,2016-08-01 17:55:42,"#LWMOOC3 schedule live - excited to share our work ""MOOCs as an equalizer? The gender gap in STEM"" #diversityinSTEM https://t.co/LP0NdUWLRS"
759499893262065664,2016-07-30 21:24:20,"RT @HFA: Wanna help elect the first woman president? There's an app for that: https://t.co/2nsvzFe6rw
https://t.co/bBtzopgJB5"
754762912447598592,2016-07-17 19:41:15,"Super-maker @sb2nov details C* batch loading powering @coursera's search ranking, recs features, and other DP magic https://t.co/o1yGFFngIF"
752518761811357696,2016-07-11 15:03:48,‚ÄúA dummy‚Äôs guide to Network Effects‚Äù from @dsgilchrist and yours truly https://t.co/nFGBowkzKM
745280218915471361,2016-06-21 15:40:25,AWESOME slides from @Susan_Athey on Causal Inference + ML #icml2016 https://t.co/TKRMG8oJM7
745279293131886592,2016-06-21 15:36:44,RT @coursera: We‚Äôre thrilled to mark #WorldRefugeeDay with the launch of Coursera for Refugees. Learn more https://t.co/I8f9ZRudkx https://‚Ä¶
740412845855281156,2016-06-08 05:19:13,"RT @dinapomeranz: Share of economics publications of US PhDs with at least 1 female author is growing steadily
https://t.co/UOStuxZbte http‚Ä¶"
740412613536960512,2016-06-08 05:18:17,"Anyone, anywhere should have the opportunity to transform her life via access to amazing education. @coursera @CNBC https://t.co/48BuZRirXe"
738382809690083328,2016-06-02 14:52:34,Meeker's internet trends report. Always pure gold https://t.co/QeYJg2xbxE
734251545936568320,2016-05-22 05:16:24,What's the female pay gap in your field? https://t.co/GkZ2xSaINd
732733718700298240,2016-05-18 00:45:06,Congrats to the ever inspiring Claudia Goldin on the IZA Prize! @PikaGoldin https://t.co/EeXSPxWibD
732732980955766784,2016-05-18 00:42:10,RT @JustinWolfers: Terrible news that Elsevier‚Äîwho profit from limiting access to research‚Äîhave acquired open access archive SSRN. https://‚Ä¶
732388241622491136,2016-05-17 01:52:18,"The amazing @chuongdo on the past and future of Analytics at @coursera! And, yes, we're hiring! https://t.co/kHRKYbjGQx"
731668668619182080,2016-05-15 02:12:59,@_rchang good catch! https://t.co/wUOEW99Ccl
731286606234062848,2016-05-14 00:54:48,RT @costanoavc: .@gsands will be answering your questions live @Quora today at 1pm PT! Ask him anything--&gt; https://t.co/gkKH5ZUKxk
731281938179231744,2016-05-14 00:36:15,RT @theentreflaneur: Most important panel in #SiliconValley 2day. #UNDataLab thx @emilygsands @elenatej @tilek 4 championing #diversity htt‚Ä¶
731251473330274305,2016-05-13 22:35:11,"RT @hichrisfabian: Love our panel on ""diversity in data science"" with @singularityu @google (x) @coursera @Airbnb brilliant humans https://‚Ä¶"
731251029770035200,2016-05-13 22:33:26,RT @nataliaadler19: @emilygsands: building a diverse  team is a proactive &amp; humble investment with long-term ROI. #UNDataLab https://t.co/4‚Ä¶
713835029420322817,2016-03-26 21:08:28,"RT @socentmlei: World will automate w/#machinelearning but ""somebody's gotta run the robots"" - Rick (and @coursera will educate themüòÑ) #Cou‚Ä¶"
713538481104879616,2016-03-26 01:30:05,RT @merritthummer: @coursera data scientist &amp; my bff on importance of diversity on data science teams: https://t.co/AgcEWdQQGz (go @emilygs‚Ä¶
713536019119779840,2016-03-26 01:20:18,RT @alphafishing: a #datascience must read from @emilygsands and @dsgilchrist üìñüíØ cc @whartondataclub @WhartonCAI @importclasses https://t.c‚Ä¶
573008126934269952,2015-03-04 06:32:38,‚Äú@TechCrunch: @Wealthfront crosses the $2B mark http://t.co/bMFqAtWL4c‚Äù Congrats @dsgilchrist!!
572807049865641984,2015-03-03 17:13:37,"Solid insights from @RLanceMartin ""Mapping San Francisco's Drug Geography with Seaborn / IPython notebook. http://t.co/PoodF6kMSe"""
571443594805948416,2015-02-27 22:55:44,#thedress color?! Fascinating to learn the science from @coursera. https://t.co/0SK52DsI2j
567168171929399296,2015-02-16 03:46:44,"RT @FortuneMagazine: Coursera teams up with Instagram, Google: The search for a business model continues http://t.co/sr5LEcYojN http://t.co‚Ä¶"
567165206577414144,2015-02-16 03:34:57,‚Äú@VentureBeat: stages of sales learning curve http://t.co/H5iSDQTifT http://t.co/ibXcE7Mtxj‚Äù Thx @gsands @costanoavc for the insightful read
567163897421889536,2015-02-16 03:29:45,"RT @dsgilchrist: There‚Äôs no need to fear market corrections: http://t.co/3kLsFmoH2S, with @arachleff via @Wealthfront"
525413645673824256,2014-10-23 22:29:09,RT @planetmoney: The % of women in computer sci rose for decades. Then it started falling. What changed? http://t.co/OnZTnEwFCy http://t.co‚Ä¶
522540224774041601,2014-10-16 00:11:12,Effects on labor market equilibria? Facebook and Apple Pay for Women to Freeze Eggs http://t.co/4c1o5OgDIW
522437798213611520,2014-10-15 17:24:12,"RT @coursera: Coursera adds 18 new Specializations today in high-demand fields such as Entrepreneurship, Software &amp; Healthcare http://t.co/‚Ä¶"
521092734807851008,2014-10-12 00:19:24,RT @coursera: Coursera is one of Bay Area‚Äôs Top 10 Most In-Demand Startups of 2014 by @LinkedIn. Read what professionals are saying http://‚Ä¶
443846651992473600,2014-03-12 20:31:02,RT @JustinWolfers: Men &amp; women who earn an A in intro Economics are equally likely to major in it. The B students drive the gender gap http‚Ä¶
443846605335040000,2014-03-12 20:30:51,RT @JustinWolfers: The gender wage gap widens‚Äîenormously‚Äîfor professional women as their careers progress. http://t.co/bewdwgRB5i
443846588717219841,2014-03-12 20:30:47,RT @JustinWolfers: It looks like the U.S. is falling behind on progress for women in the workforce. Lotsa untapped talent. http://t.co/JgBf‚Ä¶
168756043030081536,2012-02-12 17:59:10,"RT @nytimes: Economics of Family Life, as Taught by a Power Couple http://t.co/W9EeyESo"
168755772430360577,2012-02-12 17:58:06,RT @nytimes: News Analysis: Big Data‚Äôs Impact in the World http://t.co/aWwVR44G
159977060524236800,2012-01-19 12:34:38,‚Äú@nytimes: SchoolBook: Inching Closer to Agreement on Evaluations for Teachers http://t.co/7gFdl9hi‚Äù Where's Roland?
159713196188508161,2012-01-18 19:06:07,RT @WSJ: Food Stamp Facts. 2011: 44.7 mil people in program w $71.8B benefits paid. 2008: 28.2 mil people w $34.6B benefits paid http:// ...
157554244638081025,2012-01-12 20:07:13,Marital bargaining power from education or really just selection? http://t.co/FDIqV1U4
150730903134552065,2011-12-25 00:13:42,RT @Doc_Sands: Golfing with my 71 year-old dad who has already shot his age 9 times. #giftedathletes  http://t.co/SQuYtPGI
149606277436289024,2011-12-21 21:44:50,"‚Äú@vegan_avb: Last year, 35.9% of Princeton graduates went into finance, 25.6% to public service.  Charming.  http://t.co/W847zGKG‚Äù"
149026010778705920,2011-12-20 07:19:04,‚Äú@mlabriola: Lego is launching a product line for girls. Someone should tell them that they already have one; its called legos.‚Äù
144078859745234944,2011-12-06 15:40:51,‚Äú@TheEconomist: Are there enough skirts in the boardroom? http://t.co/lEuY0Cqx‚Äù Really Economist? That's your title?
140509522832789504,2011-11-26 19:17:35,RT @TheEconomist: The risk that the euro may disintegrate within weeks is alarmingly high http://t.co/k0kGjpyX
133377190422265856,2011-11-07 02:56:14,@Doc_Sands i see you bro. On tv
126659244966678528,2011-10-19 14:01:31,RT @thecaucus: Fact Check: Massachusetts as Health Model? http://t.co/xL83wzYj  #cnndebate
123520742183813121,2011-10-10 22:10:14,Online Labor: Using oDesk to Satisfy Curiosity http://t.co/O2yXI3w6
123431001954324480,2011-10-10 16:13:38,"RT @WilsonSchool: Wilson School Dean, Christina Paxson, Elected Vice President of American Economic Association #AEA- http://t.co/LzHSSo5o"
123423634915213312,2011-10-10 15:44:22,"RT @HarvardGSAS: GSAS alums Thomas Sargent (PhD 68) and Christopher Sims (AB '63, PhD '68) win the Nobel Prize in Economics http://t.co/ ..."
122424139549126656,2011-10-07 21:32:44,RT @Tuthill406: Crazy to see @Doc_Sands on TV. Seems like just yesterday he was stealing his sister's lunch at headwaters.
119483855982956544,2011-09-29 18:49:05,Weird how excited I get about refereeing
119455789575446530,2011-09-29 16:57:34,Awesome lady at laundromat kindly informs me 'wait 15minutes save 50cents on dryers'. Value of grad student time?? Unknown
119257905584283649,2011-09-29 03:51:15,‚Äú@TheEconomist: Philips has unveiled a suite of products that use #LED lights in new ways http://t.co/vY7zSKcq‚Äù&lt;-- also for dog collars
118869950315241475,2011-09-28 02:09:39,RT @TheEconomist: Audio: Our economics correspondent explains why families are fleeing America's richest cities in their droves http://t ...
118706880926322688,2011-09-27 15:21:40,RT @TheEconomist: The uses and abuses of an enduring myth about class in America http://t.co/AIJ4GD4Y
118448380690178049,2011-09-26 22:14:29,RT @WSJ_Econ: Peter Diamond on Unemployment and Debt http://t.co/QobzUp9E
117292266300780544,2011-09-23 17:40:30,RT @Shoptiques: Beautiful @emilygsands in Melene Kent Jewels. http://t.co/rkI437zY
116512208669777920,2011-09-21 14:00:49,Back to reality #research
116299195178164224,2011-09-20 23:54:23,RT @Shoptiques: Loved shooting with beautiful @emilygsands  and @Alexandriafini. See you gorgeous on Friday!
113434824596930561,2011-09-13 02:12:24,done. next on the academic to-do list ... dissertation?!?
108963057245491203,2011-08-31 18:03:11,RT @WSJ: President Obama will deliver his big speech about jobs on September 7 (the same night as a GOP debate) http://t.co/mSJ5nwZ
108264806452170754,2011-08-29 19:48:35,RT @washingtonpost: This is Alan Krueger http://t.co/YCQhHOu and this is why Obama nominated him http://t.co/98KE9kQ
